transactionid,Version(1-120),detailsid(1-105),status,timestamp,Amount,gatewayid,,,,,,,,
1,5,76,success,"2009	-	05	-	04	 	17	:	22	:	52",0,7255723032247350,,,,,,,,
2,5,98,success,"2009	-	06	-	20	 	22	:	26	:	58",0,7097327773007420,,,,,,,,
3,6,2,success,"2009	-	07	-	05	 	03	:	49	:	24",1.99,5169152524453220,,,,,,,,
4,10,10,success,"2009	-	07	-	18	 	07	:	31	:	05",0,3348965500096710,,,,,,,,
5,3,19,success,"2009	-	08	-	26	 	15	:	41	:	56",0,1435598282011710,,,,,,,,
6,7,60,success,"2009	-	08	-	28	 	11	:	38	:	35",0,7142104940631210,,,,,,,,
7,9,93,success,"2009	-	10	-	02	 	16	:	30	:	06",0,4518405925842990,,,,,,,,
8,2,102,success,"2009	-	10	-	05	 	07	:	00	:	05",0.99,8938605814486570,,,,,,,,
9,11,82,failure,"2009	-	10	-	30	 	17	:	05	:	27",0,9394175527547450,,,,,,,,
10,10,74,success,"2009	-	11	-	17	 	16	:	33	:	13",0,3093006408445720,,,,,,,,
11,7,12,success,"2009	-	11	-	26	 	16	:	57	:	32",0,7539973377039450,,,,,,,,
12,21,48,success,"2010	-	01	-	25	 	12	:	22	:	33",3.99,2970577246387340,,,,,,,,
13,2,4,success,"2010	-	02	-	04	 	10	:	07	:	21",0.99,8911750068804990,,,,,,,,
14,17,39,success,"2010	-	02	-	11	 	04	:	20	:	17",2.99,6738760511862310,,,,,,,,
15,13,56,success,"2010	-	02	-	28	 	18	:	44	:	34",2.99,9028220432702010,,,,,,,,
16,18,3,success,"2010	-	04	-	17	 	00	:	47	:	06",3.99,5433293302379790,,,,,,,,
17,7,28,success,"2010	-	04	-	30	 	22	:	14	:	12",0,7410731891039950,,,,,,,,
18,1,82,success,"2010	-	05	-	04	 	08	:	47	:	38",0,1457826713683360,,,,,,,,
19,9,34,success,"2010	-	05	-	08	 	13	:	29	:	48",0,4867091597676440,,,,,,,,
20,19,79,deleted,"2010	-	05	-	30	 	08	:	48	:	58",3.99,4675658787902210,,,,,,,,
21,13,73,success,"2010	-	05	-	31	 	05	:	20	:	54",2.99,3138259609651310,,,,,,,,
22,13,77,success,"2010	-	06	-	19	 	08	:	58	:	35",2.99,8475712280062840,,,,,,,,
23,5,11,success,"2010	-	06	-	22	 	07	:	20	:	16",0,1295882388436540,,,,,,,,
24,16,69,success,"2010	-	06	-	24	 	16	:	36	:	38",2.99,7201994476671360,,,,,,,,
25,18,86,success,"2010	-	07	-	29	 	19	:	01	:	29",3.99,3744562942458040,,,,,,,,
26,33,53,success,"2010	-	08	-	06	 	07	:	51	:	06",0,4452306853708730,,,,,,,,
27,25,61,success,"2010	-	08	-	11	 	12	:	14	:	08",0,4212628299571440,,,,,,,,
28,15,64,success,"2010	-	09	-	08	 	14	:	32	:	46",2.99,5505811516628930,,,,,,,,
29,13,74,success,"2010	-	10	-	23	 	18	:	15	:	05",2.99,1302979715041200,,,,,,,,
30,35,53,success,"2010	-	11	-	08	 	02	:	28	:	17",0.99,3717846368638550,,,,,,,,
31,19,21,success,"2010	-	11	-	14	 	14	:	28	:	52",3.99,2743480143615100,,,,,,,,
32,10,69,success,"2010	-	11	-	20	 	23	:	44	:	37",0,9200820135035430,,,,,,,,
33,8,61,success,"2010	-	11	-	30	 	17	:	16	:	07",19.99,1440311203163000,,,,,,,,
34,36,44,success,"2010	-	12	-	10	 	03	:	06	:	28",0.99,1842130425852870,,,,,,,,
35,32,46,success,"2010	-	12	-	16	 	02	:	27	:	15",25.99,6095904661774930,,,,,,,,
36,3,99,success,"2010	-	12	-	20	 	00	:	46	:	13",0,4689090757269310,,,,,,,,
37,16,65,success,"2010	-	12	-	21	 	16	:	07	:	19",2.99,2768550198389200,,,,,,,,
38,12,64,success,"2010	-	12	-	24	 	03	:	33	:	58",2.99,7301928782642460,,,,,,,,
39,36,72,success,"2010	-	12	-	28	 	16	:	48	:	20",0.99,9368245557161450,,,,,,,,
40,40,48,success,"2010	-	12	-	28	 	12	:	23	:	42",0.99,8233377938689160,,,,,,,,
41,38,23,success,"2010	-	12	-	29	 	20	:	47	:	39",0.99,1847376119848720,,,,,,,,
42,34,44,success,"2011	-	01	-	14	 	21	:	27	:	27",0,3844336095770650,,,,,,,,
43,7,36,success,"2011	-	01	-	25	 	01	:	16	:	10",0,2503548565009260,,,,,,,,
44,20,72,success,"2011	-	02	-	23	 	08	:	49	:	30",3.99,5021876165964460,,,,,,,,
45,18,33,success,"2011	-	03	-	11	 	10	:	03	:	39",3.99,2532010973502130,,,,,,,,
46,30,44,success,"2011	-	03	-	15	 	08	:	45	:	30",2.19,1149944015849840,,,,,,,,
47,28,73,success,"2011	-	03	-	22	 	09	:	42	:	23",29.99,6323381013616610,,,,,,,,
48,43,51,success,"2011	-	03	-	26	 	02	:	32	:	12",0.99,3695939676209470,,,,,,,,
49,17,100,success,"2011	-	03	-	28	 	17	:	46	:	18",2.99,2837068690279280,,,,,,,,
50,38,102,success,"2011	-	03	-	30	 	11	:	33	:	19",0.99,6300038140678520,,,,,,,,
51,46,43,success,"2011	-	04	-	09	 	12	:	43	:	31",1.49,9601321122977740,,,,,,,,
52,31,44,success,"2011	-	04	-	15	 	09	:	55	:	22",0,4823084574672360,,,,,,,,
53,32,100,failure,"2011	-	04	-	24	 	20	:	29	:	23",25.99,9282701220932310,,,,,,,,
54,6,104,success,"2011	-	05	-	05	 	01	:	23	:	39",1.99,6734578758756810,,,,,,,,
55,11,7,success,"2011	-	05	-	09	 	09	:	00	:	00",0,5898315767603470,,,,,,,,
56,16,18,success,"2011	-	05	-	18	 	06	:	18	:	50",2.99,6146825464053830,,,,,,,,
57,39,14,success,"2011	-	05	-	19	 	10	:	37	:	57",0.99,8858190741628770,,,,,,,,
58,46,66,success,"2011	-	05	-	22	 	05	:	17	:	05",1.49,6047174906755370,,,,,,,,
59,7,16,success,"2011	-	05	-	27	 	08	:	05	:	28",0,2253527521327720,,,,,,,,
60,46,14,success,"2011	-	06	-	04	 	07	:	00	:	54",1.49,1192715274992210,,,,,,,,
61,28,26,success,"2011	-	06	-	18	 	14	:	16	:	04",29.99,9437005271993840,,,,,,,,
62,43,32,success,"2011	-	07	-	06	 	10	:	49	:	14",0.99,4858825978088170,,,,,,,,
63,42,50,success,"2011	-	07	-	10	 	17	:	10	:	43",1.49,5974461722181240,,,,,,,,
64,47,78,success,"2011	-	07	-	14	 	04	:	57	:	13",0,8165734400283570,,,,,,,,
65,7,88,success,"2011	-	07	-	30	 	04	:	15	:	10",0,1164357080930150,,,,,,,,
66,40,38,success,"2011	-	08	-	03	 	05	:	04	:	35",0.99,6626070304115630,,,,,,,,
67,53,32,success,"2011	-	08	-	04	 	21	:	49	:	14",1,5707389009604640,,,,,,,,
68,44,71,success,"2011	-	08	-	05	 	22	:	03	:	14",1.49,5069777389057740,,,,,,,,
69,29,87,success,"2011	-	08	-	05	 	09	:	39	:	24",0,3274419071780190,,,,,,,,
70,41,54,success,"2011	-	08	-	06	 	00	:	45	:	08",1.49,6070786405550400,,,,,,,,
71,40,53,success,"2011	-	08	-	12	 	17	:	02	:	56",0.99,8104083996196960,,,,,,,,
72,14,69,success,"2011	-	08	-	13	 	12	:	00	:	08",2.99,4002935550379400,,,,,,,,
73,55,95,success,"2011	-	09	-	14	 	23	:	49	:	42",1,3140484032975720,,,,,,,,
74,22,27,success,"2011	-	09	-	14	 	02	:	12	:	55",3.99,1217227151220860,,,,,,,,
75,37,52,success,"2011	-	09	-	24	 	22	:	34	:	46",0.99,1667057788807120,,,,,,,,
76,10,37,success,"2011	-	09	-	24	 	07	:	55	:	34",0,3750829335409950,,,,,,,,
77,20,74,success,"2011	-	09	-	29	 	12	:	06	:	46",3.99,3193733379426910,,,,,,,,
78,31,72,success,"2011	-	10	-	02	 	07	:	50	:	47",0,9311017174044810,,,,,,,,
79,26,98,success,"2011	-	10	-	05	 	18	:	49	:	38",5.99,9622752820342160,,,,,,,,
80,15,43,success,"2011	-	10	-	06	 	10	:	25	:	33",2.99,1983930671097760,,,,,,,,
81,12,47,success,"2011	-	10	-	07	 	01	:	05	:	07",2.99,1029954382288530,,,,,,,,
82,51,47,success,"2011	-	10	-	15	 	01	:	25	:	53",1,1307906670793100,,,,,,,,
83,34,39,success,"2011	-	10	-	23	 	07	:	01	:	33",0,3904684078598500,,,,,,,,
84,26,40,success,"2011	-	10	-	25	 	14	:	02	:	44",5.99,7486309061151660,,,,,,,,
85,57,97,success,"2011	-	11	-	02	 	12	:	34	:	25",0,8435372791841440,,,,,,,,
86,43,7,success,"2011	-	11	-	05	 	16	:	29	:	46",0.99,6101145568509190,,,,,,,,
87,45,62,success,"2011	-	11	-	07	 	00	:	46	:	01",44.99,6003346665204210,,,,,,,,
88,18,17,success,"2011	-	11	-	10	 	06	:	03	:	37",3.99,8527295141846360,,,,,,,,
89,47,17,success,"2011	-	11	-	16	 	10	:	01	:	44",0,5907957786330760,,,,,,,,
90,22,46,success,"2011	-	11	-	19	 	06	:	40	:	57",3.99,5037737297708930,,,,,,,,
91,23,79,success,"2011	-	11	-	23	 	21	:	21	:	24",3.99,4101839118953040,,,,,,,,
92,20,75,success,"2011	-	11	-	27	 	19	:	11	:	30",3.99,6823755904696660,,,,,,,,
93,1,37,success,"2011	-	11	-	29	 	05	:	49	:	51",0,5414076241910710,,,,,,,,
94,14,45,success,"2011	-	11	-	30	 	21	:	39	:	04",2.99,3062956173148350,,,,,,,,
95,54,68,failure,"2011	-	12	-	07	 	08	:	23	:	24",1,6565658317187430,,,,,,,,
96,2,38,success,"2011	-	12	-	10	 	23	:	38	:	29",0.99,5787414080993880,,,,,,,,
97,38,55,success,"2011	-	12	-	11	 	20	:	09	:	05",0.99,1559956333460450,,,,,,,,
98,34,73,success,"2011	-	12	-	24	 	04	:	39	:	45",0,7813986595074030,,,,,,,,
99,56,42,success,"2011	-	12	-	25	 	09	:	32	:	12",1,7055424459687890,,,,,,,,
100,59,1,success,"2012	-	01	-	01	 	22	:	22	:	19",0,7285895410488250,,,,,,,,
101,44,65,success,"2012	-	01	-	02	 	10	:	09	:	05",1.49,9313124973959530,,,,,,,,
102,14,46,success,"2012	-	01	-	08	 	14	:	07	:	59",2.99,5602383128394200,,,,,,,,
103,7,33,success,"2012	-	01	-	16	 	04	:	54	:	37",0,5705902972764280,,,,,,,,
104,19,99,success,"2012	-	01	-	17	 	22	:	32	:	50",3.99,2101199998477240,,,,,,,,
105,5,70,success,"2012	-	01	-	29	 	05	:	28	:	23",0,5924933318630470,,,,,,,,
106,26,75,success,"2012	-	02	-	02	 	04	:	30	:	29",5.99,3847208932671540,,,,,,,,
107,36,14,deleted,"2012	-	02	-	03	 	10	:	05	:	57",0.99,8680649933350010,,,,,,,,
108,44,46,success,"2012	-	02	-	10	 	16	:	07	:	12",1.49,8383618515399650,,,,,,,,
109,51,78,success,"2012	-	02	-	20	 	20	:	20	:	03",1,2821615972670560,,,,,,,,
110,2,77,success,"2012	-	02	-	21	 	11	:	46	:	27",0.99,6222108986517580,,,,,,,,
111,59,9,success,"2012	-	02	-	25	 	01	:	21	:	12",0,2175236746494620,,,,,,,,
112,37,62,success,"2012	-	03	-	03	 	10	:	34	:	13",0.99,2549680943976940,,,,,,,,
113,8,95,success,"2012	-	03	-	03	 	19	:	51	:	49",19.99,6762995111048080,,,,,,,,
114,45,35,success,"2012	-	03	-	05	 	00	:	00	:	00",44.99,9316709503478320,,,,,,,,
115,18,78,success,"2012	-	03	-	08	 	10	:	09	:	20",3.99,9456416298058940,,,,,,,,
116,63,61,success,"2012	-	03	-	11	 	07	:	37	:	25",2.99,2520396604957440,,,,,,,,
117,49,69,success,"2012	-	03	-	12	 	16	:	57	:	00",1.59,1176515209297850,,,,,,,,
118,26,33,failure,"2012	-	03	-	14	 	10	:	51	:	54",5.99,5569714116801260,,,,,,,,
119,2,7,success,"2012	-	03	-	16	 	13	:	14	:	39",0.99,4829122001898350,,,,,,,,
120,63,22,success,"2012	-	03	-	20	 	03	:	22	:	17",2.99,4896991015130590,,,,,,,,
121,3,104,success,"2012	-	03	-	29	 	12	:	39	:	58",0,8949872929993780,,,,,,,,
122,63,14,success,"2012	-	03	-	29	 	06	:	29	:	02",2.99,2564355403346170,,,,,,,,
123,43,48,success,"2012	-	04	-	01	 	18	:	53	:	39",0.99,5269189043280190,,,,,,,,
124,40,18,success,"2012	-	04	-	21	 	20	:	29	:	46",0.99,1930650288728770,,,,,,,,
125,65,35,success,"2012	-	04	-	26	 	01	:	25	:	23",2.99,4616401828239640,,,,,,,,
126,29,77,success,"2012	-	05	-	01	 	04	:	22	:	55",0,3767612687318460,,,,,,,,
127,55,102,success,"2012	-	05	-	03	 	08	:	33	:	45",1,5872261771938100,,,,,,,,
128,45,7,success,"2012	-	05	-	07	 	09	:	30	:	47",44.99,9174485898304700,,,,,,,,
129,30,20,success,"2012	-	05	-	10	 	21	:	15	:	47",2.19,3399915502048500,,,,,,,,
130,59,78,success,"2012	-	05	-	14	 	22	:	48	:	17",0,6620923420212880,,,,,,,,
131,65,12,success,"2012	-	05	-	23	 	17	:	57	:	54",2.99,1062071607067560,,,,,,,,
132,27,64,success,"2012	-	05	-	24	 	09	:	31	:	03",0,9507050932369500,,,,,,,,
133,16,12,success,"2012	-	05	-	25	 	19	:	11	:	38",2.99,2994400959029560,,,,,,,,
134,57,25,success,"2012	-	06	-	14	 	09	:	42	:	43",0,5951366212012120,,,,,,,,
135,61,7,success,"2012	-	06	-	23	 	21	:	53	:	03",0,6305305853274920,,,,,,,,
136,37,47,failure,"2012	-	06	-	24	 	19	:	47	:	43",0.99,5132317840188840,,,,,,,,
137,39,61,success,"2012	-	07	-	07	 	09	:	12	:	04",0.99,2330083969938620,,,,,,,,
138,11,57,success,"2012	-	07	-	09	 	16	:	07	:	30",0,5881524921978450,,,,,,,,
139,67,86,success,"2012	-	07	-	12	 	17	:	55	:	30",2.99,3870962461025520,,,,,,,,
140,56,20,success,"2012	-	07	-	30	 	10	:	49	:	51",1,8962317393011880,,,,,,,,
141,25,69,success,"2012	-	08	-	02	 	01	:	57	:	54",0,3963794483097660,,,,,,,,
142,58,89,success,"2012	-	08	-	02	 	21	:	08	:	46",0,5967159748725310,,,,,,,,
143,43,65,success,"2012	-	08	-	12	 	23	:	42	:	14",0.99,8254100173219790,,,,,,,,
144,8,72,success,"2012	-	08	-	15	 	16	:	39	:	55",19.99,5966685422932150,,,,,,,,
145,73,16,success,"2012	-	08	-	17	 	08	:	57	:	45",2.99,6979678614207280,,,,,,,,
146,34,53,success,"2012	-	08	-	22	 	08	:	35	:	01",0,3854995274523530,,,,,,,,
147,42,3,success,"2012	-	08	-	24	 	23	:	13	:	36",1.49,9444040024844490,,,,,,,,
148,24,12,success,"2012	-	09	-	01	 	11	:	00	:	06",0.99,9066532139665930,,,,,,,,
149,71,67,success,"2012	-	09	-	01	 	22	:	42	:	40",2.99,3489584027867530,,,,,,,,
150,42,44,success,"2012	-	09	-	14	 	15	:	39	:	25",1.49,6541918661990260,,,,,,,,
151,29,98,success,"2012	-	09	-	18	 	15	:	37	:	36",0,8263935248717690,,,,,,,,
152,75,72,success,"2012	-	09	-	23	 	14	:	16	:	02",1.99,1017200425786990,,,,,,,,
153,56,61,success,"2012	-	09	-	25	 	16	:	56	:	34",1,5068006836148650,,,,,,,,
154,38,96,success,"2012	-	09	-	26	 	03	:	16	:	21",0.99,8338475492706200,,,,,,,,
155,50,37,success,"2012	-	10	-	04	 	14	:	52	:	54",1.49,2318612937254820,,,,,,,,
156,24,14,success,"2012	-	10	-	05	 	10	:	59	:	46",0.99,8063810925496790,,,,,,,,
157,27,33,success,"2012	-	10	-	07	 	05	:	44	:	17",0,1987468826962230,,,,,,,,
158,39,38,success,"2012	-	10	-	14	 	12	:	44	:	45",0.99,6705141579090320,,,,,,,,
159,32,97,success,"2012	-	10	-	16	 	01	:	22	:	21",25.99,3080816849904820,,,,,,,,
160,46,7,failure,"2012	-	10	-	30	 	13	:	32	:	48",1.49,4970209196953480,,,,,,,,
161,25,11,success,"2012	-	11	-	02	 	13	:	22	:	29",0,6683611472640350,,,,,,,,
162,50,70,success,"2012	-	11	-	03	 	23	:	46	:	09",1.49,4281032167618430,,,,,,,,
163,13,37,success,"2012	-	11	-	16	 	08	:	47	:	45",2.99,8151890587638370,,,,,,,,
164,67,62,success,"2012	-	11	-	22	 	12	:	53	:	52",2.99,8628096251916070,,,,,,,,
165,8,93,success,"2012	-	11	-	25	 	07	:	11	:	22",19.99,6877544110105660,,,,,,,,
166,7,101,success,"2012	-	12	-	05	 	20	:	57	:	20",0,2061771548205770,,,,,,,,
167,23,36,success,"2012	-	12	-	05	 	23	:	34	:	44",3.99,2025259412409540,,,,,,,,
168,60,103,success,"2012	-	12	-	05	 	09	:	36	:	28",0,9049243031479660,,,,,,,,
169,26,61,success,"2012	-	12	-	06	 	05	:	45	:	20",5.99,2575715160372250,,,,,,,,
170,64,24,success,"2012	-	12	-	13	 	12	:	55	:	52",0.99,5252443147139220,,,,,,,,
171,21,89,success,"2012	-	12	-	14	 	17	:	48	:	59",3.99,8687808269280080,,,,,,,,
172,13,32,success,"2012	-	12	-	26	 	12	:	51	:	50",2.99,6653244814217830,,,,,,,,
173,30,58,success,"2012	-	12	-	27	 	19	:	52	:	06",2.19,1330319026947920,,,,,,,,
174,79,21,success,"2012	-	12	-	27	 	20	:	41	:	37",1.99,8131586589181970,,,,,,,,
175,16,100,success,"2012	-	12	-	31	 	22	:	32	:	32",2.99,3487573618349820,,,,,,,,
176,79,86,success,"2013	-	01	-	13	 	18	:	24	:	25",1.99,3294235101772240,,,,,,,,
177,11,44,success,"2013	-	01	-	25	 	17	:	02	:	39",0,4504275817718590,,,,,,,,
178,69,9,success,"2013	-	01	-	25	 	16	:	50	:	30",2.99,7664657948284110,,,,,,,,
179,49,96,success,"2013	-	01	-	30	 	05	:	13	:	06",1.59,5396962087952830,,,,,,,,
180,40,1,success,"2013	-	02	-	08	 	16	:	46	:	48",0.99,5792624694736390,,,,,,,,
181,46,69,success,"2013	-	02	-	11	 	17	:	22	:	08",1.49,8440108448591520,,,,,,,,
182,58,78,success,"2013	-	02	-	12	 	17	:	03	:	50",0,5479101459532140,,,,,,,,
183,44,74,success,"2013	-	02	-	15	 	22	:	56	:	19",1.49,3610388972568100,,,,,,,,
184,82,95,deleted,"2013	-	02	-	16	 	04	:	53	:	45",0.99,6022469609005470,,,,,,,,
185,79,88,success,"2013	-	03	-	04	 	10	:	38	:	06",1.99,9299287415208070,,,,,,,,
186,82,21,success,"2013	-	03	-	05	 	03	:	36	:	13",0.99,2788042939689950,,,,,,,,
187,84,92,success,"2013	-	03	-	08	 	08	:	40	:	56",0.99,9280180067108010,,,,,,,,
188,77,46,success,"2013	-	03	-	14	 	09	:	51	:	05",1.99,5577717550540340,,,,,,,,
189,8,39,success,"2013	-	03	-	16	 	15	:	55	:	37",19.99,5420382282334350,,,,,,,,
190,81,55,success,"2013	-	03	-	17	 	20	:	20	:	13",0.99,2830467597803120,,,,,,,,
191,47,38,success,"2013	-	03	-	24	 	10	:	54	:	56",0,8189739977278580,,,,,,,,
192,85,98,success,"2013	-	03	-	24	 	05	:	58	:	17",0.99,3586588089469250,,,,,,,,
193,13,87,success,"2013	-	03	-	25	 	18	:	29	:	52",2.99,4498084842291790,,,,,,,,
194,58,64,success,"2013	-	03	-	26	 	05	:	16	:	52",0,1459771045106390,,,,,,,,
195,65,45,success,"2013	-	03	-	26	 	13	:	35	:	21",2.99,8231047514926120,,,,,,,,
196,59,22,success,"2013	-	03	-	27	 	11	:	31	:	28",0,9260765673443750,,,,,,,,
197,25,34,success,"2013	-	03	-	28	 	06	:	28	:	24",0,7020501291490370,,,,,,,,
198,53,60,success,"2013	-	04	-	04	 	00	:	44	:	58",1,6468329182096900,,,,,,,,
199,70,48,success,"2013	-	04	-	10	 	04	:	36	:	12",10.99,7710237756552840,,,,,,,,
200,64,79,success,"2013	-	04	-	11	 	16	:	30	:	08",0.99,6024225438480610,,,,,,,,
201,84,57,success,"2013	-	04	-	12	 	10	:	29	:	09",0.99,5560355452027050,,,,,,,,
202,69,76,success,"2013	-	04	-	15	 	00	:	40	:	47",2.99,3427419827271140,,,,,,,,
203,52,5,success,"2013	-	04	-	16	 	15	:	26	:	33",1,5721255974095970,,,,,,,,
204,83,9,success,"2013	-	04	-	20	 	14	:	08	:	21",0.99,9301954999512060,,,,,,,,
205,38,105,success,"2013	-	04	-	23	 	07	:	01	:	28",0.99,1427394310808570,,,,,,,,
206,81,54,success,"2013	-	04	-	23	 	01	:	04	:	39",0.99,2788137188106240,,,,,,,,
207,78,35,success,"2013	-	04	-	25	 	21	:	46	:	18",1.99,9443513728780050,,,,,,,,
208,17,83,success,"2013	-	04	-	30	 	21	:	16	:	58",2.99,5214327718175420,,,,,,,,
209,87,100,success,"2013	-	05	-	02	 	13	:	28	:	13",0.99,4790947627040790,,,,,,,,
210,69,75,success,"2013	-	05	-	07	 	15	:	06	:	54",2.99,3401950471294030,,,,,,,,
211,69,55,success,"2013	-	05	-	08	 	00	:	27	:	31",2.99,6938700358215750,,,,,,,,
212,68,27,success,"2013	-	05	-	11	 	03	:	33	:	22",5.99,3159165010334890,,,,,,,,
213,13,51,success,"2013	-	05	-	27	 	23	:	43	:	19",2.99,5589971654043230,,,,,,,,
214,32,57,success,"2013	-	05	-	28	 	21	:	41	:	37",25.99,9384483519660490,,,,,,,,
215,78,101,success,"2013	-	05	-	28	 	19	:	11	:	05",1.99,4727363462119350,,,,,,,,
216,24,51,success,"2013	-	06	-	02	 	20	:	50	:	08",0.99,9669567107198820,,,,,,,,
217,45,79,success,"2013	-	06	-	06	 	17	:	49	:	02",44.99,9842553069746470,,,,,,,,
218,87,6,success,"2013	-	06	-	07	 	03	:	36	:	15",0.99,6857061237082050,,,,,,,,
219,78,62,success,"2013	-	06	-	07	 	01	:	22	:	47",1.99,6327241678472070,,,,,,,,
220,81,27,success,"2013	-	06	-	10	 	17	:	19	:	32",0.99,3465485423261290,,,,,,,,
221,79,59,success,"2013	-	06	-	12	 	23	:	18	:	01",1.99,2436256709994390,,,,,,,,
222,7,76,success,"2013	-	06	-	18	 	11	:	56	:	07",0,4249907830615250,,,,,,,,
223,49,32,success,"2013	-	06	-	19	 	03	:	10	:	32",1.59,2066085133699230,,,,,,,,
224,17,9,success,"2013	-	06	-	30	 	01	:	08	:	18",2.99,5513342731783760,,,,,,,,
225,61,46,success,"2013	-	06	-	30	 	09	:	11	:	59",0,5569548157005060,,,,,,,,
226,68,75,success,"2013	-	07	-	02	 	16	:	47	:	10",5.99,2742765378403210,,,,,,,,
227,68,16,success,"2013	-	07	-	09	 	20	:	09	:	58",5.99,9228061714797580,,,,,,,,
228,81,25,success,"2013	-	07	-	12	 	04	:	38	:	53",0.99,4829115609040660,,,,,,,,
229,83,34,success,"2013	-	07	-	12	 	21	:	01	:	02",0.99,9736859146899280,,,,,,,,
230,61,19,success,"2013	-	07	-	16	 	22	:	00	:	17",0,4927683029671320,,,,,,,,
231,87,73,success,"2013	-	07	-	20	 	08	:	29	:	57",0.99,2507858889921140,,,,,,,,
232,1,60,success,"2013	-	07	-	26	 	04	:	35	:	52",0,8137237987313590,,,,,,,,
233,68,71,success,"2013	-	07	-	28	 	01	:	25	:	42",5.99,6295600238392350,,,,,,,,
234,24,68,success,"2013	-	08	-	03	 	00	:	10	:	14",0.99,2976606397369090,,,,,,,,
235,73,79,success,"2013	-	08	-	04	 	14	:	38	:	47",2.99,2426171949497660,,,,,,,,
236,2,35,success,"2013	-	08	-	04	 	14	:	51	:	58",0.99,6006207776567220,,,,,,,,
237,69,46,success,"2013	-	08	-	05	 	04	:	48	:	57",2.99,6073888177914230,,,,,,,,
238,16,25,success,"2013	-	08	-	07	 	02	:	25	:	42",2.99,2470243347268490,,,,,,,,
239,18,47,success,"2013	-	08	-	07	 	01	:	43	:	59",3.99,8458229119173630,,,,,,,,
240,88,6,success,"2013	-	08	-	07	 	16	:	54	:	14",0,7990688256628700,,,,,,,,
241,42,86,success,"2013	-	08	-	11	 	05	:	00	:	06",1.49,7892493669212960,,,,,,,,
242,48,33,success,"2013	-	08	-	15	 	22	:	03	:	58",1.49,9566105912438280,,,,,,,,
243,81,28,success,"2013	-	08	-	16	 	08	:	55	:	36",0.99,6787926585205960,,,,,,,,
244,51,82,success,"2013	-	08	-	17	 	23	:	47	:	57",1,1060301455593660,,,,,,,,
245,81,83,success,"2013	-	08	-	17	 	04	:	40	:	34",0.99,2611481433442510,,,,,,,,
246,77,40,success,"2013	-	08	-	19	 	23	:	02	:	46",1.99,1404073181158510,,,,,,,,
247,39,43,success,"2013	-	08	-	23	 	15	:	47	:	34",0.99,3709620706830420,,,,,,,,
248,87,98,success,"2013	-	08	-	27	 	02	:	25	:	09",0.99,5172313845727250,,,,,,,,
249,62,84,success,"2013	-	08	-	29	 	15	:	08	:	55",0,4150008467845350,,,,,,,,
250,8,46,success,"2013	-	08	-	31	 	21	:	44	:	08",19.99,4459688169656410,,,,,,,,
251,64,19,success,"2013	-	09	-	03	 	02	:	05	:	55",0.99,3052653080283870,,,,,,,,
252,75,104,success,"2013	-	09	-	06	 	17	:	56	:	42",1.99,2566454321191050,,,,,,,,
253,49,94,success,"2013	-	09	-	09	 	00	:	56	:	42",1.59,8630560259222190,,,,,,,,
254,55,94,success,"2013	-	09	-	10	 	02	:	06	:	59",1,2176928520419980,,,,,,,,
255,89,95,success,"2013	-	09	-	10	 	13	:	20	:	32",0,7471931413210880,,,,,,,,
256,44,78,success,"2013	-	09	-	13	 	07	:	09	:	44",1.49,8590615843668310,,,,,,,,
257,7,96,success,"2013	-	09	-	19	 	22	:	58	:	54",0,9755198939227390,,,,,,,,
258,93,52,success,"2013	-	09	-	20	 	19	:	37	:	45",0,7195768525093040,,,,,,,,
259,42,26,success,"2013	-	09	-	22	 	00	:	55	:	46",1.49,8947447779845460,,,,,,,,
260,28,51,success,"2013	-	09	-	25	 	01	:	25	:	16",29.99,3832613000218300,,,,,,,,
261,95,49,success,"2013	-	09	-	29	 	23	:	31	:	31",0,7650682292418170,,,,,,,,
262,61,49,success,"2013	-	09	-	30	 	13	:	53	:	34",0,3057601408630540,,,,,,,,
263,33,18,success,"2013	-	10	-	01	 	17	:	52	:	28",0,3266083681928540,,,,,,,,
264,92,35,success,"2013	-	10	-	01	 	01	:	20	:	21",0,5027101412338490,,,,,,,,
265,29,40,failure,"2013	-	10	-	01	 	02	:	37	:	38",0,8033203274514810,,,,,,,,
266,8,20,success,"2013	-	10	-	07	 	16	:	51	:	27",19.99,1832472325693020,,,,,,,,
267,36,51,success,"2013	-	10	-	08	 	22	:	57	:	35",0.99,4444087972249620,,,,,,,,
268,82,15,success,"2013	-	10	-	09	 	20	:	34	:	26",0.99,7994835519473630,,,,,,,,
269,79,7,success,"2013	-	10	-	12	 	06	:	11	:	20",1.99,7667487359716460,,,,,,,,
270,20,60,success,"2013	-	10	-	13	 	13	:	07	:	44",3.99,9800577756908410,,,,,,,,
271,64,105,success,"2013	-	10	-	13	 	01	:	13	:	11",0.99,3448916623113600,,,,,,,,
272,93,81,success,"2013	-	10	-	15	 	06	:	15	:	04",0,9774345446399270,,,,,,,,
273,6,92,success,"2013	-	10	-	17	 	20	:	11	:	58",1.99,5299310635759870,,,,,,,,
274,89,47,success,"2013	-	10	-	19	 	22	:	02	:	47",0,9375403790814430,,,,,,,,
275,77,74,success,"2013	-	10	-	19	 	10	:	37	:	55",1.99,7216061170077740,,,,,,,,
276,39,27,success,"2013	-	10	-	22	 	01	:	00	:	27",0.99,6944739437508040,,,,,,,,
277,84,26,success,"2013	-	10	-	22	 	12	:	18	:	43",0.99,8998026405118660,,,,,,,,
278,68,60,success,"2013	-	10	-	27	 	10	:	40	:	56",5.99,7858797874545570,,,,,,,,
279,11,17,success,"2013	-	11	-	02	 	16	:	15	:	48",0,3560209278241830,,,,,,,,
280,5,74,success,"2013	-	11	-	07	 	23	:	47	:	34",0,8419755255848760,,,,,,,,
281,88,103,success,"2013	-	11	-	08	 	02	:	48	:	54",0,4385586572204440,,,,,,,,
282,49,100,success,"2013	-	11	-	08	 	03	:	31	:	55",1.59,6597967212496250,,,,,,,,
283,84,96,success,"2013	-	11	-	10	 	01	:	46	:	17",0.99,5804222775965200,,,,,,,,
284,6,98,success,"2013	-	11	-	11	 	02	:	11	:	13",1.99,5070089910496240,,,,,,,,
285,14,19,success,"2013	-	11	-	12	 	03	:	43	:	17",2.99,8046527085092390,,,,,,,,
286,60,37,success,"2013	-	11	-	13	 	10	:	55	:	36",0,1079454787841060,,,,,,,,
287,72,70,success,"2013	-	11	-	16	 	12	:	17	:	34",0,6335651168138950,,,,,,,,
288,53,54,success,"2013	-	11	-	28	 	02	:	56	:	41",1,8945147306837040,,,,,,,,
289,94,75,success,"2013	-	12	-	05	 	10	:	29	:	12",0,7014118374205230,,,,,,,,
290,23,72,success,"2013	-	12	-	10	 	14	:	45	:	18",3.99,2320233712093320,,,,,,,,
291,33,1,success,"2013	-	12	-	13	 	12	:	20	:	26",0,3694193597110970,,,,,,,,
292,48,104,success,"2013	-	12	-	17	 	17	:	10	:	12",1.49,1525094194670510,,,,,,,,
293,89,70,success,"2013	-	12	-	18	 	23	:	57	:	26",0,8731164491711120,,,,,,,,
294,64,86,success,"2013	-	12	-	18	 	11	:	24	:	34",0.99,1823528575860720,,,,,,,,
295,56,44,success,"2013	-	12	-	18	 	13	:	17	:	44",1,4335593027319010,,,,,,,,
296,20,10,success,"2013	-	12	-	18	 	12	:	02	:	56",3.99,4318630194147000,,,,,,,,
297,25,20,success,"2013	-	12	-	23	 	16	:	04	:	13",0,7858313008865990,,,,,,,,
298,78,81,success,"2013	-	12	-	23	 	10	:	39	:	53",1.99,7852791007503130,,,,,,,,
299,23,75,success,"2013	-	12	-	25	 	21	:	41	:	16",3.99,6053484337686000,,,,,,,,
300,60,88,success,"2013	-	12	-	27	 	06	:	00	:	36",0,2679616669265060,,,,,,,,
301,42,63,success,"2013	-	12	-	29	 	12	:	27	:	06",1.49,1900543089445720,,,,,,,,
302,31,74,success,"2014	-	01	-	01	 	02	:	56	:	34",0,3035710844814990,,,,,,,,
303,67,29,success,"2014	-	01	-	05	 	18	:	45	:	58",2.99,1171226248124480,,,,,,,,
304,89,50,success,"2014	-	01	-	08	 	04	:	47	:	12",0,7727937847848300,,,,,,,,
305,27,74,success,"2014	-	01	-	09	 	04	:	04	:	19",0,1385714246591290,,,,,,,,
306,65,14,success,"2014	-	01	-	09	 	05	:	43	:	52",2.99,6677293076379570,,,,,,,,
307,21,87,success,"2014	-	01	-	13	 	17	:	17	:	39",3.99,9707518022598030,,,,,,,,
308,41,18,success,"2014	-	01	-	14	 	15	:	01	:	09",1.49,8344749355753900,,,,,,,,
309,27,52,success,"2014	-	01	-	16	 	14	:	46	:	54",0,5539600863526620,,,,,,,,
310,59,59,success,"2014	-	01	-	17	 	04	:	53	:	17",0,1701983649391960,,,,,,,,
311,95,101,deleted,"2014	-	01	-	25	 	01	:	46	:	20",0,9837237431854080,,,,,,,,
312,28,90,success,"2014	-	01	-	25	 	01	:	24	:	59",29.99,2168261707584980,,,,,,,,
313,40,13,success,"2014	-	01	-	28	 	15	:	18	:	54",0.99,6393976634742790,,,,,,,,
314,100,46,success,"2014	-	02	-	01	 	02	:	02	:	39",0,2912083759978450,,,,,,,,
315,89,11,success,"2014	-	02	-	04	 	10	:	38	:	00",0,3080692968983050,,,,,,,,
316,71,95,success,"2014	-	02	-	06	 	11	:	16	:	16",2.99,6592821802470520,,,,,,,,
317,86,90,success,"2014	-	02	-	07	 	06	:	04	:	44",0,3789157710566490,,,,,,,,
318,37,67,success,"2014	-	02	-	08	 	09	:	00	:	56",0.99,4879230019076310,,,,,,,,
319,91,20,success,"2014	-	02	-	09	 	10	:	40	:	04",0,9979526724454010,,,,,,,,
320,26,54,success,"2014	-	02	-	11	 	08	:	10	:	02",5.99,1282079983749130,,,,,,,,
321,33,100,success,"2014	-	02	-	16	 	23	:	44	:	48",0,5831002372876680,,,,,,,,
322,95,105,success,"2014	-	02	-	18	 	22	:	37	:	23",0,6292773288659130,,,,,,,,
323,29,21,success,"2014	-	02	-	21	 	00	:	15	:	17",0,1095088917553220,,,,,,,,
324,73,26,success,"2014	-	02	-	23	 	18	:	03	:	39",2.99,9837624888862680,,,,,,,,
325,100,27,success,"2014	-	02	-	27	 	00	:	39	:	14",0,5366246543112960,,,,,,,,
326,76,18,success,"2014	-	02	-	28	 	11	:	50	:	14",1.99,2687089583271810,,,,,,,,
327,26,83,success,"2014	-	03	-	01	 	00	:	47	:	20",5.99,2549393804862350,,,,,,,,
328,39,20,success,"2014	-	03	-	10	 	14	:	12	:	20",0.99,7970093872174550,,,,,,,,
329,94,9,success,"2014	-	03	-	11	 	12	:	02	:	19",0,3417935744398800,,,,,,,,
330,70,37,success,"2014	-	03	-	14	 	13	:	20	:	10",10.99,7902477711693670,,,,,,,,
331,38,39,success,"2014	-	03	-	15	 	17	:	12	:	58",0.99,1029634704348710,,,,,,,,
332,81,98,success,"2014	-	03	-	20	 	09	:	54	:	11",0.99,9723498931126450,,,,,,,,
333,101,17,success,"2014	-	03	-	22	 	04	:	09	:	11",9.99,6711899891651150,,,,,,,,
334,72,79,success,"2014	-	03	-	22	 	03	:	19	:	49",0,4269476658125290,,,,,,,,
335,67,76,success,"2014	-	03	-	26	 	13	:	53	:	47",2.99,2288908513530440,,,,,,,,
336,70,2,success,"2014	-	03	-	26	 	12	:	28	:	24",10.99,3382783757013110,,,,,,,,
337,38,30,success,"2014	-	03	-	27	 	16	:	44	:	29",0.99,2321405001835500,,,,,,,,
338,77,56,success,"2014	-	03	-	28	 	20	:	52	:	39",1.99,8150167491691690,,,,,,,,
339,92,25,success,"2014	-	04	-	01	 	09	:	27	:	54",0,4204945503135180,,,,,,,,
340,101,98,success,"2014	-	04	-	01	 	22	:	49	:	48",9.99,6765754722848100,,,,,,,,
341,42,82,success,"2014	-	04	-	03	 	09	:	33	:	05",1.49,5594910814331770,,,,,,,,
342,105,101,success,"2014	-	04	-	03	 	13	:	53	:	35",9.99,3684683808386800,,,,,,,,
343,11,87,success,"2014	-	04	-	04	 	09	:	41	:	14",0,4257827845728140,,,,,,,,
344,96,105,success,"2014	-	04	-	04	 	19	:	16	:	38",0,5550589727260310,,,,,,,,
345,71,17,success,"2014	-	04	-	07	 	06	:	24	:	36",2.99,8578421546780660,,,,,,,,
346,56,92,success,"2014	-	04	-	08	 	18	:	37	:	15",1,2767187903199060,,,,,,,,
347,70,7,success,"2014	-	04	-	09	 	19	:	01	:	37",10.99,5893825324929020,,,,,,,,
348,97,104,success,"2014	-	04	-	10	 	04	:	45	:	14",0,3119500425700830,,,,,,,,
349,106,22,success,"2014	-	04	-	12	 	02	:	11	:	24",1.39,8474352858343740,,,,,,,,
350,99,34,success,"2014	-	04	-	12	 	03	:	43	:	57",0,9053437913672680,,,,,,,,
351,80,83,success,"2014	-	04	-	13	 	20	:	05	:	44",0.99,6079138345230880,,,,,,,,
352,14,33,success,"2014	-	04	-	15	 	16	:	54	:	02",2.99,6940142667343050,,,,,,,,
353,3,68,success,"2014	-	04	-	19	 	03	:	32	:	07",0,7515595986023620,,,,,,,,
354,103,44,success,"2014	-	04	-	21	 	21	:	30	:	48",9.99,8317832035444420,,,,,,,,
355,67,25,success,"2014	-	04	-	22	 	12	:	42	:	01",2.99,8630986192980720,,,,,,,,
356,93,65,success,"2014	-	04	-	22	 	03	:	02	:	48",0,1520966013466530,,,,,,,,
357,81,24,success,"2014	-	04	-	23	 	04	:	39	:	25",0.99,6941061833443430,,,,,,,,
358,93,62,success,"2014	-	04	-	25	 	23	:	32	:	20",0,6322932896457050,,,,,,,,
359,3,90,success,"2014	-	04	-	26	 	08	:	46	:	47",0,7467205115349530,,,,,,,,
360,35,34,success,"2014	-	04	-	26	 	02	:	25	:	48",0.99,7468454213052670,,,,,,,,
361,63,2,success,"2014	-	04	-	30	 	14	:	10	:	56",2.99,4292382614846280,,,,,,,,
362,107,64,success,"2014	-	05	-	03	 	05	:	46	:	07",9.99,1532695494117790,,,,,,,,
363,59,24,success,"2014	-	05	-	04	 	06	:	09	:	09",0,8064241058300820,,,,,,,,
364,77,26,success,"2014	-	05	-	06	 	21	:	15	:	52",1.99,4520177118302570,,,,,,,,
365,67,9,success,"2014	-	05	-	07	 	17	:	25	:	52",2.99,9849336930595470,,,,,,,,
366,107,93,failure,"2014	-	05	-	08	 	19	:	46	:	24",9.99,8081847546522090,,,,,,,,
367,51,73,success,"2014	-	05	-	08	 	20	:	14	:	22",1,7819345897865170,,,,,,,,
368,98,23,success,"2014	-	05	-	08	 	21	:	28	:	06",0,1343278955771580,,,,,,,,
369,95,61,success,"2014	-	05	-	14	 	10	:	00	:	07",0,8364991765891500,,,,,,,,
370,85,4,success,"2014	-	05	-	15	 	11	:	59	:	00",0.99,2601737721497760,,,,,,,,
371,106,57,success,"2014	-	05	-	17	 	13	:	10	:	51",1.39,1581755868855820,,,,,,,,
372,54,90,success,"2014	-	05	-	17	 	05	:	17	:	13",1,4411987190742840,,,,,,,,
373,86,28,success,"2014	-	05	-	17	 	12	:	04	:	20",0,3626250735811600,,,,,,,,
374,92,63,success,"2014	-	05	-	17	 	08	:	17	:	22",0,9047415991131010,,,,,,,,
375,72,92,success,"2014	-	05	-	20	 	01	:	02	:	02",0,4168428985335120,,,,,,,,
376,60,70,success,"2014	-	05	-	21	 	17	:	38	:	56",0,9022993230179980,,,,,,,,
377,110,41,success,"2014	-	05	-	21	 	07	:	56	:	13",30.99,8869610491854740,,,,,,,,
378,108,83,success,"2014	-	05	-	22	 	20	:	36	:	11",0,6586369210168350,,,,,,,,
379,36,85,success,"2014	-	05	-	22	 	05	:	55	:	58",0.99,3330478418215210,,,,,,,,
380,47,35,success,"2014	-	05	-	24	 	13	:	42	:	34",0,3857854630263570,,,,,,,,
381,90,52,success,"2014	-	05	-	26	 	04	:	39	:	22",0,4760973859430090,,,,,,,,
382,78,28,success,"2014	-	05	-	28	 	06	:	54	:	52",1.99,4547625297993270,,,,,,,,
383,107,21,success,"2014	-	05	-	29	 	15	:	33	:	45",9.99,8434508198834410,,,,,,,,
384,100,32,success,"2014	-	05	-	31	 	03	:	43	:	26",0,5323721896720690,,,,,,,,
385,92,54,success,"2014	-	05	-	31	 	10	:	27	:	16",0,6584788117993290,,,,,,,,
386,92,11,success,"2014	-	06	-	01	 	15	:	27	:	42",0,9682861154388320,,,,,,,,
387,93,49,success,"2014	-	06	-	04	 	12	:	02	:	07",0,7283551333678220,,,,,,,,
388,82,75,deleted,"2014	-	06	-	04	 	12	:	51	:	19",0.99,8280448371368590,,,,,,,,
389,60,26,success,"2014	-	06	-	05	 	00	:	59	:	16",0,8233118805609230,,,,,,,,
390,64,48,success,"2014	-	06	-	06	 	06	:	15	:	01",0.99,4431381463038820,,,,,,,,
391,22,76,success,"2014	-	06	-	09	 	17	:	02	:	18",3.99,2526319366828070,,,,,,,,
392,107,84,success,"2014	-	06	-	10	 	03	:	37	:	19",9.99,2621260897525430,,,,,,,,
393,100,5,success,"2014	-	06	-	10	 	05	:	26	:	40",0,6431956513223740,,,,,,,,
394,100,38,success,"2014	-	06	-	18	 	11	:	06	:	58",0,5342817198453910,,,,,,,,
395,109,51,success,"2014	-	06	-	21	 	06	:	55	:	49",9.99,3915742014234520,,,,,,,,
396,71,94,success,"2014	-	06	-	21	 	20	:	48	:	02",2.99,1190632965034350,,,,,,,,
397,93,99,success,"2014	-	06	-	21	 	04	:	56	:	42",0,3733826579763680,,,,,,,,
398,79,91,success,"2014	-	06	-	22	 	08	:	34	:	02",1.99,7826688045265440,,,,,,,,
399,96,23,success,"2014	-	06	-	23	 	22	:	33	:	25",0,3131833749010760,,,,,,,,
400,98,92,success,"2014	-	06	-	24	 	08	:	55	:	02",0,9874544275875670,,,,,,,,
401,8,2,success,"2014	-	06	-	24	 	04	:	13	:	14",19.99,8757016454598990,,,,,,,,
402,69,13,success,"2014	-	06	-	25	 	20	:	05	:	12",2.99,7650974574363450,,,,,,,,
403,44,34,success,"2014	-	06	-	27	 	02	:	44	:	07",1.49,5594355953146810,,,,,,,,
404,95,26,success,"2014	-	06	-	28	 	03	:	52	:	16",0,8207930073706890,,,,,,,,
405,91,64,success,"2014	-	07	-	02	 	17	:	27	:	15",0,6680980034208850,,,,,,,,
406,35,5,success,"2014	-	07	-	02	 	00	:	43	:	30",0.99,8034668014485740,,,,,,,,
407,61,39,success,"2014	-	07	-	03	 	01	:	32	:	49",0,6710944325811000,,,,,,,,
408,108,87,success,"2014	-	07	-	04	 	19	:	53	:	41",0,5944213224964840,,,,,,,,
409,112,79,success,"2014	-	07	-	04	 	04	:	20	:	55",5.99,9295165479889830,,,,,,,,
410,106,77,success,"2014	-	07	-	05	 	09	:	40	:	07",1.39,2013545008254700,,,,,,,,
411,104,91,success,"2014	-	07	-	05	 	04	:	31	:	06",99.99,1913850711803880,,,,,,,,
412,53,18,success,"2014	-	07	-	07	 	09	:	15	:	21",1,1993477435778710,,,,,,,,
413,103,94,success,"2014	-	07	-	08	 	21	:	10	:	07",9.99,7822713819165630,,,,,,,,
414,103,81,success,"2014	-	07	-	08	 	23	:	51	:	58",9.99,6577654684248270,,,,,,,,
415,54,22,success,"2014	-	07	-	09	 	18	:	36	:	47",1,2431931385731020,,,,,,,,
416,111,40,success,"2014	-	07	-	09	 	22	:	05	:	04",9.99,7828423274199200,,,,,,,,
417,77,31,success,"2014	-	07	-	09	 	16	:	53	:	10",1.99,5589065950416770,,,,,,,,
418,113,13,success,"2014	-	07	-	09	 	01	:	50	:	38",9.99,7890903967946160,,,,,,,,
419,77,54,success,"2014	-	07	-	10	 	09	:	11	:	29",1.99,4128833193182850,,,,,,,,
420,62,102,failure,"2014	-	07	-	10	 	12	:	51	:	05",0,9462369355664040,,,,,,,,
421,113,51,success,"2014	-	07	-	13	 	18	:	46	:	47",9.99,2080370798644040,,,,,,,,
422,97,64,success,"2014	-	07	-	14	 	09	:	13	:	26",0,8748058344434680,,,,,,,,
423,5,23,success,"2014	-	07	-	15	 	10	:	11	:	28",0,7766055689013350,,,,,,,,
424,55,92,success,"2014	-	07	-	15	 	17	:	12	:	40",1,6380520552911740,,,,,,,,
425,107,33,success,"2014	-	07	-	16	 	11	:	56	:	00",9.99,5361159288511100,,,,,,,,
426,107,69,success,"2014	-	07	-	18	 	00	:	49	:	23",9.99,6147079200377330,,,,,,,,
427,104,79,success,"2014	-	07	-	19	 	23	:	03	:	17",99.99,7486794931487210,,,,,,,,
428,110,95,success,"2014	-	07	-	19	 	03	:	13	:	09",30.99,8695587062996030,,,,,,,,
429,91,17,success,"2014	-	07	-	21	 	18	:	00	:	28",0,9326795939669030,,,,,,,,
430,99,90,success,"2014	-	07	-	22	 	16	:	16	:	01",0,7137012240950890,,,,,,,,
431,45,76,success,"2014	-	07	-	23	 	07	:	22	:	40",44.99,3241751568405950,,,,,,,,
432,47,43,success,"2014	-	07	-	23	 	10	:	28	:	19",0,2223266441975040,,,,,,,,
433,106,12,success,"2014	-	07	-	23	 	18	:	05	:	31",1.39,2376495870205250,,,,,,,,
434,98,86,success,"2014	-	07	-	24	 	00	:	15	:	07",0,3513591324033230,,,,,,,,
435,113,99,success,"2014	-	07	-	26	 	23	:	11	:	03",9.99,5943950308115390,,,,,,,,
436,13,99,success,"2014	-	07	-	30	 	09	:	48	:	50",2.99,7870535705579670,,,,,,,,
437,50,5,success,"2014	-	07	-	31	 	07	:	26	:	13",1.49,1227244795370010,,,,,,,,
438,12,61,success,"2014	-	08	-	01	 	06	:	14	:	17",2.99,8917429686371430,,,,,,,,
439,85,12,success,"2014	-	08	-	01	 	18	:	52	:	03",0.99,6618991441654040,,,,,,,,
440,56,9,success,"2014	-	08	-	02	 	12	:	39	:	27",1,2940064520192010,,,,,,,,
441,108,69,success,"2014	-	08	-	06	 	08	:	41	:	24",0,6927771147055260,,,,,,,,
442,107,96,success,"2014	-	08	-	07	 	09	:	44	:	40",9.99,7431312504133240,,,,,,,,
443,109,88,success,"2014	-	08	-	08	 	15	:	13	:	37",9.99,6625211936738660,,,,,,,,
444,15,89,success,"2014	-	08	-	08	 	20	:	15	:	07",2.99,5377379918386470,,,,,,,,
445,93,84,success,"2014	-	08	-	08	 	12	:	48	:	48",0,4712804833290880,,,,,,,,
446,41,14,success,"2014	-	08	-	09	 	15	:	53	:	46",1.49,8774135365424400,,,,,,,,
447,95,13,success,"2014	-	08	-	09	 	02	:	51	:	11",0,7915821952777260,,,,,,,,
448,112,60,success,"2014	-	08	-	15	 	00	:	29	:	26",5.99,4100277390204390,,,,,,,,
449,10,8,success,"2014	-	08	-	16	 	22	:	20	:	46",0,4769682994161270,,,,,,,,
450,39,79,success,"2014	-	08	-	18	 	23	:	47	:	08",0.99,3877114138701270,,,,,,,,
451,113,94,success,"2014	-	08	-	20	 	12	:	30	:	52",9.99,9432070757117710,,,,,,,,
452,14,99,success,"2014	-	08	-	21	 	08	:	57	:	43",2.99,1085915049798650,,,,,,,,
453,2,17,success,"2014	-	08	-	23	 	07	:	24	:	16",0.99,1102505885040300,,,,,,,,
454,113,102,success,"2014	-	08	-	27	 	15	:	38	:	52",9.99,2247886020354320,,,,,,,,
455,89,105,success,"2014	-	08	-	29	 	16	:	39	:	02",0,5606027650799470,,,,,,,,
456,89,74,success,"2014	-	08	-	31	 	22	:	59	:	09",0,7382318668754220,,,,,,,,
457,83,25,success,"2014	-	09	-	03	 	01	:	04	:	39",0.99,4543607635512900,,,,,,,,
458,65,17,success,"2014	-	09	-	04	 	10	:	02	:	24",2.99,3975705497013160,,,,,,,,
459,50,93,success,"2014	-	09	-	04	 	01	:	18	:	45",1.49,7095199160731660,,,,,,,,
460,73,46,success,"2014	-	09	-	05	 	14	:	20	:	49",2.99,3709977743957340,,,,,,,,
461,93,33,success,"2014	-	09	-	06	 	16	:	33	:	30",0,2564803897006750,,,,,,,,
462,49,48,success,"2014	-	09	-	07	 	03	:	52	:	35",1.59,9562522241312890,,,,,,,,
463,82,8,success,"2014	-	09	-	07	 	03	:	09	:	51",0.99,8802258562206230,,,,,,,,
464,110,48,success,"2014	-	09	-	09	 	03	:	23	:	35",30.99,7187681372448690,,,,,,,,
465,111,64,success,"2014	-	09	-	10	 	13	:	25	:	53",9.99,6816622975478320,,,,,,,,
466,22,68,success,"2014	-	09	-	10	 	12	:	02	:	42",3.99,7279364336951780,,,,,,,,
467,107,30,success,"2014	-	09	-	11	 	23	:	21	:	02",9.99,5397769674653750,,,,,,,,
468,94,66,success,"2014	-	09	-	11	 	09	:	30	:	07",0,7526849565092350,,,,,,,,
469,110,24,success,"2014	-	09	-	11	 	07	:	19	:	07",30.99,2330183069109660,,,,,,,,
470,5,59,success,"2014	-	09	-	12	 	02	:	19	:	09",0,7740926452019020,,,,,,,,
471,38,73,success,"2014	-	09	-	16	 	18	:	52	:	06",0.99,1988728248045640,,,,,,,,
472,107,39,success,"2014	-	09	-	17	 	07	:	31	:	44",9.99,7240907636233040,,,,,,,,
473,105,1,success,"2014	-	09	-	19	 	20	:	15	:	14",9.99,6251253652714010,,,,,,,,
474,25,98,success,"2014	-	09	-	20	 	04	:	37	:	28",0,3409532503849140,,,,,,,,
475,114,77,success,"2014	-	09	-	22	 	22	:	07	:	18",0,6765397195253510,,,,,,,,
476,90,25,success,"2014	-	09	-	25	 	23	:	20	:	08",0,7192292564869170,,,,,,,,
477,83,74,success,"2014	-	09	-	25	 	00	:	49	:	34",0.99,6721503272664190,,,,,,,,
478,66,34,success,"2014	-	09	-	26	 	03	:	17	:	59",1.49,9843885949853280,,,,,,,,
479,70,29,success,"2014	-	09	-	30	 	05	:	59	:	26",10.99,2725349920647750,,,,,,,,
480,96,101,success,"2014	-	09	-	30	 	04	:	10	:	51",0,4582601426739230,,,,,,,,
481,110,70,success,"2014	-	10	-	01	 	03	:	03	:	31",30.99,7808684061145560,,,,,,,,
482,95,24,success,"2014	-	10	-	01	 	00	:	55	:	36",0,4948205944253590,,,,,,,,
483,95,57,success,"2014	-	10	-	01	 	20	:	15	:	57",0,8904954240662230,,,,,,,,
484,87,26,success,"2014	-	10	-	03	 	18	:	52	:	09",0.99,4540848416025060,,,,,,,,
485,99,40,success,"2014	-	10	-	03	 	11	:	19	:	54",0,2576714729515780,,,,,,,,
486,113,35,success,"2014	-	10	-	04	 	02	:	01	:	36",9.99,7837894647091200,,,,,,,,
487,11,60,success,"2014	-	10	-	04	 	10	:	53	:	11",0,3438133489748410,,,,,,,,
488,96,14,success,"2014	-	10	-	05	 	06	:	22	:	02",0,5331035460867840,,,,,,,,
489,113,64,success,"2014	-	10	-	06	 	23	:	54	:	51",9.99,8095873337884190,,,,,,,,
490,79,76,success,"2014	-	10	-	06	 	06	:	42	:	20",1.99,5865609065285490,,,,,,,,
491,6,43,success,"2014	-	10	-	07	 	07	:	55	:	01",1.99,7080263536932150,,,,,,,,
492,88,78,success,"2014	-	10	-	07	 	20	:	35	:	06",0,2557509951184220,,,,,,,,
493,69,84,success,"2014	-	10	-	07	 	19	:	03	:	49",2.99,2309705990775970,,,,,,,,
494,90,18,success,"2014	-	10	-	08	 	11	:	43	:	08",0,2250541420048720,,,,,,,,
495,112,31,success,"2014	-	10	-	08	 	05	:	30	:	25",5.99,5111529252502540,,,,,,,,
496,20,69,success,"2014	-	10	-	09	 	03	:	34	:	34",3.99,7530493942724730,,,,,,,,
497,112,43,success,"2014	-	10	-	12	 	10	:	54	:	16",5.99,7963323675779550,,,,,,,,
498,86,15,success,"2014	-	10	-	13	 	13	:	32	:	20",0,1035488986171400,,,,,,,,
499,109,84,success,"2014	-	10	-	14	 	16	:	16	:	08",9.99,7539152811068280,,,,,,,,
500,102,89,success,"2014	-	10	-	15	 	20	:	17	:	39",15.99,4023689188462980,,,,,,,,
501,107,52,success,"2014	-	10	-	16	 	05	:	25	:	58",9.99,6237108002815380,,,,,,,,
502,78,98,success,"2014	-	10	-	16	 	01	:	43	:	27",1.99,2896895777296360,,,,,,,,
503,54,37,success,"2014	-	10	-	18	 	03	:	11	:	05",1,7721670982930160,,,,,,,,
504,58,42,success,"2014	-	10	-	21	 	19	:	02	:	18",0,1365634479563180,,,,,,,,
505,89,72,success,"2014	-	10	-	21	 	00	:	41	:	42",0,7803278303895530,,,,,,,,
506,115,3,success,"2014	-	10	-	22	 	16	:	32	:	41",0,1151885655032130,,,,,,,,
507,102,27,success,"2014	-	10	-	27	 	18	:	08	:	45",15.99,2179535626654550,,,,,,,,
508,27,6,success,"2014	-	10	-	30	 	08	:	17	:	35",0,4405468119507620,,,,,,,,
509,84,17,success,"2014	-	11	-	01	 	02	:	48	:	43",0.99,2692661384120800,,,,,,,,
510,64,21,success,"2014	-	11	-	02	 	06	:	01	:	40",0.99,9891372715370260,,,,,,,,
511,25,17,success,"2014	-	11	-	02	 	07	:	43	:	21",0,9309298211157990,,,,,,,,
512,84,21,success,"2014	-	11	-	02	 	22	:	45	:	28",0.99,1154003942278910,,,,,,,,
513,116,85,success,"2014	-	11	-	04	 	22	:	55	:	42",0,5098375990222180,,,,,,,,
514,111,38,success,"2014	-	11	-	04	 	02	:	08	:	47",9.99,6333337517775790,,,,,,,,
515,49,30,success,"2014	-	11	-	05	 	06	:	18	:	50",1.59,7593058988181030,,,,,,,,
516,11,102,success,"2014	-	11	-	06	 	03	:	54	:	40",0,6754729018359740,,,,,,,,
517,108,45,success,"2014	-	11	-	09	 	08	:	51	:	31",0,3328525603520710,,,,,,,,
518,115,32,success,"2014	-	11	-	11	 	12	:	59	:	36",0,7162040756731570,,,,,,,,
519,114,28,success,"2014	-	11	-	12	 	07	:	15	:	25",0,6323106429545990,,,,,,,,
520,111,58,success,"2014	-	11	-	13	 	18	:	02	:	27",9.99,9326141733920480,,,,,,,,
521,57,86,success,"2014	-	11	-	13	 	15	:	07	:	24",0,3147368522679520,,,,,,,,
522,111,37,success,"2014	-	11	-	14	 	09	:	35	:	30",9.99,9215476177259190,,,,,,,,
523,99,74,success,"2014	-	11	-	14	 	13	:	19	:	47",0,8204410505196480,,,,,,,,
524,23,74,success,"2014	-	11	-	15	 	04	:	12	:	29",3.99,2807633888828030,,,,,,,,
525,95,22,success,"2014	-	11	-	17	 	05	:	09	:	27",0,8066318204786520,,,,,,,,
526,68,98,success,"2014	-	11	-	18	 	22	:	45	:	20",5.99,6313469787121150,,,,,,,,
527,40,65,success,"2014	-	11	-	20	 	11	:	27	:	55",0.99,5343026884770710,,,,,,,,
528,63,66,success,"2014	-	11	-	21	 	18	:	07	:	24",2.99,3767973886633770,,,,,,,,
529,26,58,success,"2014	-	11	-	21	 	06	:	05	:	16",5.99,8921197244440590,,,,,,,,
530,99,53,success,"2014	-	11	-	22	 	18	:	07	:	10",0,4910886176493120,,,,,,,,
531,110,62,success,"2014	-	11	-	23	 	09	:	54	:	08",30.99,3187792651373360,,,,,,,,
532,86,24,failure,"2014	-	11	-	23	 	16	:	32	:	42",0,3599629452759620,,,,,,,,
533,111,33,success,"2014	-	11	-	25	 	01	:	04	:	00",9.99,2582104056076260,,,,,,,,
534,108,2,success,"2014	-	11	-	25	 	21	:	11	:	28",0,9566611908782520,,,,,,,,
535,41,71,success,"2014	-	11	-	26	 	20	:	17	:	16",1.49,8463204418132960,,,,,,,,
536,83,94,success,"2014	-	11	-	28	 	23	:	14	:	35",0.99,5327044889867390,,,,,,,,
537,68,56,success,"2014	-	11	-	28	 	01	:	26	:	41",5.99,6053025891872720,,,,,,,,
538,73,85,success,"2014	-	11	-	30	 	07	:	08	:	17",2.99,1371041323213580,,,,,,,,
539,42,6,success,"2014	-	11	-	30	 	05	:	14	:	35",1.49,9393684414914170,,,,,,,,
540,58,74,success,"2014	-	12	-	02	 	21	:	08	:	16",0,6614414711635860,,,,,,,,
541,91,98,success,"2014	-	12	-	02	 	22	:	34	:	49",0,2218497371104490,,,,,,,,
542,88,81,success,"2014	-	12	-	03	 	13	:	02	:	44",0,7556642942724030,,,,,,,,
543,114,20,success,"2014	-	12	-	03	 	19	:	45	:	13",0,2264328837865000,,,,,,,,
544,99,17,success,"2014	-	12	-	04	 	20	:	52	:	29",0,4520034835368770,,,,,,,,
545,51,84,success,"2014	-	12	-	04	 	21	:	48	:	35",1,9984632227562760,,,,,,,,
546,109,31,success,"2014	-	12	-	04	 	22	:	02	:	26",9.99,9996078953540150,,,,,,,,
547,61,94,success,"2014	-	12	-	05	 	06	:	14	:	26",0,8283049212177520,,,,,,,,
548,92,58,success,"2014	-	12	-	05	 	20	:	08	:	53",0,3493609026930790,,,,,,,,
549,101,41,success,"2014	-	12	-	05	 	13	:	14	:	50",9.99,9384254345710730,,,,,,,,
550,103,61,deleted,"2014	-	12	-	06	 	18	:	20	:	48",9.99,4999008168082860,,,,,,,,
551,102,53,success,"2014	-	12	-	06	 	02	:	21	:	05",15.99,5317269151642060,,,,,,,,
552,117,46,success,"2014	-	12	-	08	 	19	:	03	:	45",0,7862432398864840,,,,,,,,
553,110,100,success,"2014	-	12	-	09	 	23	:	06	:	21",30.99,3211827808806740,,,,,,,,
554,70,76,success,"2014	-	12	-	10	 	12	:	03	:	03",10.99,5034962450586620,,,,,,,,
555,58,79,success,"2014	-	12	-	10	 	19	:	13	:	55",0,4477920198437300,,,,,,,,
556,1,73,success,"2014	-	12	-	12	 	01	:	29	:	06",0,5024053227222550,,,,,,,,
557,119,67,success,"2014	-	12	-	13	 	18	:	52	:	17",0,8245208229733270,,,,,,,,
558,69,88,success,"2014	-	12	-	13	 	22	:	02	:	11",2.99,7538777824362830,,,,,,,,
559,119,56,success,"2014	-	12	-	14	 	02	:	42	:	49",0,1780663391614570,,,,,,,,
560,39,24,success,"2014	-	12	-	15	 	18	:	16	:	30",0.99,5110125151266630,,,,,,,,
561,120,27,success,"2014	-	12	-	15	 	14	:	44	:	02",0.99,3330825367224430,,,,,,,,
562,91,46,success,"2014	-	12	-	15	 	17	:	59	:	28",0,9151217510921480,,,,,,,,
563,106,3,success,"2014	-	12	-	15	 	22	:	28	:	37",1.39,8849539960760770,,,,,,,,
564,120,55,success,"2014	-	12	-	15	 	11	:	00	:	22",0.99,9175314083136580,,,,,,,,
565,113,76,success,"2014	-	12	-	16	 	18	:	17	:	19",9.99,8113906244881280,,,,,,,,
566,116,69,success,"2014	-	12	-	16	 	16	:	10	:	14",0,6072216392785190,,,,,,,,
567,120,53,success,"2014	-	12	-	16	 	03	:	22	:	33",0.99,3655872173928270,,,,,,,,
568,119,83,success,"2014	-	12	-	17	 	21	:	17	:	08",0,3118999776777670,,,,,,,,
569,87,44,success,"2014	-	12	-	18	 	23	:	09	:	45",0.99,3298571711812520,,,,,,,,
570,7,39,success,"2014	-	12	-	18	 	12	:	55	:	01",0,3887638539300500,,,,,,,,
571,36,18,success,"2014	-	12	-	19	 	22	:	08	:	52",0.99,3371730115903830,,,,,,,,
572,56,53,success,"2014	-	12	-	19	 	17	:	33	:	09",1,3188260010429350,,,,,,,,
573,120,32,success,"2014	-	12	-	19	 	09	:	33	:	30",0.99,2953250144589140,,,,,,,,
574,30,1,success,"2014	-	12	-	20	 	01	:	20	:	25",2.19,1340828967908880,,,,,,,,
575,118,104,success,"2014	-	12	-	23	 	14	:	02	:	21",0,6659581994039160,,,,,,,,
576,116,14,success,"2014	-	12	-	23	 	05	:	49	:	21",0,6457749642813230,,,,,,,,
577,108,26,success,"2014	-	12	-	23	 	06	:	16	:	28",0,7672704874921440,,,,,,,,
578,118,87,success,"2014	-	12	-	24	 	01	:	08	:	25",0,4306063195075100,,,,,,,,
579,40,82,success,"2014	-	12	-	24	 	14	:	35	:	44",0.99,6117218311682250,,,,,,,,
580,115,70,success,"2014	-	12	-	25	 	03	:	02	:	35",0,5011536030065990,,,,,,,,
581,79,85,success,"2014	-	12	-	25	 	16	:	05	:	37",1.99,2252690504511280,,,,,,,,
582,117,65,success,"2014	-	12	-	25	 	21	:	55	:	04",0,6283921785367470,,,,,,,,
583,119,73,success,"2014	-	12	-	26	 	05	:	42	:	02",0,2157772583021640,,,,,,,,
584,119,41,success,"2014	-	12	-	26	 	00	:	59	:	04",0,2076546874141690,,,,,,,,
585,119,35,success,"2014	-	12	-	27	 	19	:	56	:	38",0,2451013882172060,,,,,,,,
586,120,95,success,"2015	-	01	-	01	 	18	:	16	:	14",0.99,9464292549134980,,,,,,,,
587,56,102,success,"2015	-	01	-	01	 	23	:	54	:	00",1,1147880617260200,,,,,,,,
