Transaction_ID,Details_ID,Version_ID,Status,Timestamp,Amount,Gateway_ID
1,76,5,success,2009-05-04 17:22:52,0,2279684612701150
2,98,5,success,2009-06-20 22:26:58,0,6568981889856330
3,2,6,success,2009-07-05 03:49:24,1.99,7824213825463270
4,10,10,success,2009-07-18 07:31:05,0,4021190952770340
5,19,3,success,2009-08-26 15:41:56,0,4203651811075920
6,60,7,success,2009-08-28 11:38:35,0,8227886970177670
7,93,9,success,2009-10-02 16:30:06,0,8641597571616830
8,102,2,success,2009-10-05 07:00:05,0.99,3486066268710570
9,82,11,failure,2009-10-30 17:05:27,0,2145842807723450
10,74,10,success,2009-11-17 16:33:13,0,9049730668666150
11,12,7,success,2009-11-26 16:57:32,0,5056063192525520
12,48,21,success,2010-01-25 12:22:33,3.99,2777174086370240
13,4,2,success,2010-02-04 10:07:21,0.99,1568990211258480
14,39,17,success,2010-02-11 04:20:17,2.99,3890071443644960
15,56,13,success,2010-02-28 18:44:34,2.99,3861212504017420
16,3,18,success,2010-04-17 00:47:06,3.99,9728011784274840
17,28,7,success,2010-04-30 22:14:12,0,2190920295869680
18,82,1,success,2010-05-04 08:47:38,0,7602588918975150
19,34,9,success,2010-05-08 13:29:48,0,4936565324022270
20,79,19,deleted,2010-05-30 08:48:58,3.99,2980596187478510
21,73,13,success,2010-05-31 05:20:54,2.99,9501832920714530
22,77,13,success,2010-06-19 08:58:35,2.99,1345974694343700
23,11,5,success,2010-06-22 07:20:16,0,7685292943446850
24,69,16,success,2010-06-24 16:36:38,2.99,3314528141030600
25,86,18,success,2010-07-29 19:01:29,3.99,1345244628211630
26,53,33,success,2010-08-06 07:51:06,0,3709847372181290
27,61,25,success,2010-08-11 12:14:08,0,6047595949960380
28,64,15,success,2010-09-08 14:32:46,2.99,8171942723130740
29,74,13,success,2010-10-23 18:15:05,2.99,1032244992034530
30,53,35,success,2010-11-08 02:28:17,0.99,4023179490293590
31,21,19,success,2010-11-14 14:28:52,3.99,9938175965103710
32,69,10,success,2010-11-20 23:44:37,0,6865992438286130
33,61,8,success,2010-11-30 17:16:07,19.99,8069679452038220
34,44,36,success,2010-12-10 03:06:28,0.99,1564461497585110
35,46,32,success,2010-12-16 02:27:15,25.99,3727061520507390
36,99,3,success,2010-12-20 00:46:13,0,1014566625975920
37,65,16,success,2010-12-21 16:07:19,2.99,6391614534705480
38,64,12,success,2010-12-24 03:33:58,2.99,1583802511157880
39,72,36,success,2010-12-28 16:48:20,0.99,2897973809089180
40,48,40,success,2010-12-28 12:23:42,0.99,2519127764732630
41,23,38,success,2010-12-29 20:47:39,0.99,8321380080009310
42,44,34,success,2011-01-14 21:27:27,0,7342715003945380
43,36,7,success,2011-01-25 01:16:10,0,2918916310793200
44,72,20,success,2011-02-23 08:49:30,3.99,6818196485028370
45,33,18,success,2011-03-11 10:03:39,3.99,7558502707914600
46,44,30,success,2011-03-15 08:45:30,2.19,7499381721924750
47,73,28,success,2011-03-22 09:42:23,29.99,9149423639732430
48,51,43,success,2011-03-26 02:32:12,0.99,3287312691588610
49,100,17,success,2011-03-28 17:46:18,2.99,3338955978411300
50,102,38,success,2011-03-30 11:33:19,0.99,7462201268688780
51,43,46,success,2011-04-09 12:43:31,1.49,4778178745920360
52,44,31,success,2011-04-15 09:55:22,0,1468758035298730
53,100,32,failure,2011-04-24 20:29:23,25.99,9536804379113790
54,104,6,success,2011-05-05 01:23:39,1.99,6908761076929930
55,7,11,success,2011-05-09 09:00:00,0,3565753665810960
56,18,16,success,2011-05-18 06:18:50,2.99,3534955880498460
57,14,39,success,2011-05-19 10:37:57,0.99,5426497079995180
58,66,46,success,2011-05-22 05:17:05,1.49,9065294592796330
59,16,7,success,2011-05-27 08:05:28,0,9320030872145280
60,14,46,success,2011-06-04 07:00:54,1.49,2562275658548530
61,26,28,success,2011-06-18 14:16:04,29.99,8610966088320710
62,32,43,success,2011-07-06 10:49:14,0.99,3815629143429330
63,50,42,success,2011-07-10 17:10:43,1.49,5249156607721750
64,78,47,success,2011-07-14 04:57:13,0,1987601176633640
65,88,7,success,2011-07-30 04:15:10,0,8874508267135090
66,38,40,success,2011-08-03 05:04:35,0.99,5057433580388120
67,32,53,success,2011-08-04 21:49:14,1,4898944756153600
68,71,44,success,2011-08-05 22:03:14,1.49,8119947527118590
69,87,29,success,2011-08-05 09:39:24,0,7514572877824830
70,54,41,success,2011-08-06 00:45:08,1.49,5169036852373980
71,53,40,success,2011-08-12 17:02:56,0.99,7627792890577840
72,69,14,success,2011-08-13 12:00:08,2.99,1135379618899650
73,95,55,success,2011-09-14 23:49:42,1,4681671174201020
74,27,22,success,2011-09-14 02:12:55,3.99,7666566994532280
75,52,37,success,2011-09-24 22:34:46,0.99,9330108581815190
76,37,10,success,2011-09-24 07:55:34,0,4112312896579240
77,74,20,success,2011-09-29 12:06:46,3.99,7322179075408390
78,72,31,success,2011-10-02 07:50:47,0,1388604608383200
79,98,26,success,2011-10-05 18:49:38,5.99,3227391705262990
80,43,15,success,2011-10-06 10:25:33,2.99,4867515993252910
81,47,12,success,2011-10-07 01:05:07,2.99,6713843676279570
82,47,51,success,2011-10-15 01:25:53,1,8344875095141510
83,39,34,success,2011-10-23 07:01:33,0,5146017122856950
84,40,26,success,2011-10-25 14:02:44,5.99,9581056377535360
85,97,57,success,2011-11-02 12:34:25,0,9387642117174090
86,7,43,success,2011-11-05 16:29:46,0.99,1403279972078940
87,62,45,success,2011-11-07 00:46:01,44.99,7785387868623560
88,17,18,success,2011-11-10 06:03:37,3.99,9752511523930760
89,17,47,success,2011-11-16 10:01:44,0,6054848668421170
90,46,22,success,2011-11-19 06:40:57,3.99,6967237915609530
91,79,23,success,2011-11-23 21:21:24,3.99,1469241990554000
92,75,20,success,2011-11-27 19:11:30,3.99,1104869524559170
93,37,1,success,2011-11-29 05:49:51,0,2683835444548480
94,45,14,success,2011-11-30 21:39:04,2.99,7260706196340300
95,68,54,failure,2011-12-07 08:23:24,1,4928629043045060
96,38,2,success,2011-12-10 23:38:29,0.99,9122439797966240
97,55,38,success,2011-12-11 20:09:05,0.99,3551183208759190
98,73,34,success,2011-12-24 04:39:45,0,9792793047032760
99,42,56,success,2011-12-25 09:32:12,1,5853675451658310
100,1,59,success,2012-01-01 22:22:19,0,4302155263294930
101,65,44,success,2012-01-02 10:09:05,1.49,9759240696003780
102,46,14,success,2012-01-08 14:07:59,2.99,9000082884880560
103,33,7,success,2012-01-16 04:54:37,0,1935463997651280
104,99,19,success,2012-01-17 22:32:50,3.99,3750391243228420
105,70,5,success,2012-01-29 05:28:23,0,2984907786709170
106,75,26,success,2012-02-02 04:30:29,5.99,3729495417761050
107,14,36,deleted,2012-02-03 10:05:57,0.99,4344164462353500
108,46,44,success,2012-02-10 16:07:12,1.49,4091243933743500
109,78,51,success,2012-02-20 20:20:03,1,7619448784167880
110,77,2,success,2012-02-21 11:46:27,0.99,5104291363092840
111,9,59,success,2012-02-25 01:21:12,0,5120091177171040
112,62,37,success,2012-03-03 10:34:13,0.99,6664587343756360
113,95,8,success,2012-03-03 19:51:49,19.99,5131195540372790
114,35,45,success,2012-03-05 00:00:00,44.99,7519651892831660
115,78,18,success,2012-03-08 10:09:20,3.99,6893121799175900
116,61,63,success,2012-03-11 07:37:25,2.99,9140209738027950
117,69,49,success,2012-03-12 16:57:00,1.59,9816649783259660
118,33,26,failure,2012-03-14 10:51:54,5.99,1910756431722460
119,7,2,success,2012-03-16 13:14:39,0.99,9258554907236170
120,22,63,success,2012-03-20 03:22:17,2.99,1419780246751140
121,104,3,success,2012-03-29 12:39:58,0,2619868700147280
122,14,63,success,2012-03-29 06:29:02,2.99,3728364720900240
123,48,43,success,2012-04-01 18:53:39,0.99,7866313851167010
124,18,40,success,2012-04-21 20:29:46,0.99,2704986672606280
125,35,65,success,2012-04-26 01:25:23,2.99,6081756061278650
126,77,29,success,2012-05-01 04:22:55,0,4279468970607540
127,102,55,success,2012-05-03 08:33:45,1,9366236414566930
128,7,45,success,2012-05-07 09:30:47,44.99,7692725712617920
129,20,30,success,2012-05-10 21:15:47,2.19,3361577757846810
130,78,59,success,2012-05-14 22:48:17,0,3082002996719130
131,12,65,success,2012-05-23 17:57:54,2.99,5368794586511240
132,64,27,success,2012-05-24 09:31:03,0,5400437671640170
133,12,16,success,2012-05-25 19:11:38,2.99,6030186683999000
134,25,57,success,2012-06-14 09:42:43,0,1591866827271440
135,7,61,success,2012-06-23 21:53:03,0,6486088389968780
136,47,37,failure,2012-06-24 19:47:43,0.99,3059215380630280
137,61,39,success,2012-07-07 09:12:04,0.99,7270946713612760
138,57,11,success,2012-07-09 16:07:30,0,4958945724459140
139,86,67,success,2012-07-12 17:55:30,2.99,9787497146869500
140,20,56,success,2012-07-30 10:49:51,1,2146068791565360
141,69,25,success,2012-08-02 01:57:54,0,5045743521211280
142,89,58,success,2012-08-02 21:08:46,0,8916139728996480
143,65,43,success,2012-08-12 23:42:14,0.99,8016202932435770
144,72,8,success,2012-08-15 16:39:55,19.99,2348783805109100
145,16,73,success,2012-08-17 08:57:45,2.99,7061489788221470
146,53,34,success,2012-08-22 08:35:01,0,1211684226226520
147,3,42,success,2012-08-24 23:13:36,1.49,3137576113390810
148,12,24,success,2012-09-01 11:00:06,0.99,7170034710695050
149,67,71,success,2012-09-01 22:42:40,2.99,5654139485181580
150,44,42,success,2012-09-14 15:39:25,1.49,2817974222096070
151,98,29,success,2012-09-18 15:37:36,0,3225322998775790
152,72,75,success,2012-09-23 14:16:02,1.99,8118878283067090
153,61,56,success,2012-09-25 16:56:34,1,3922642376758340
154,96,38,success,2012-09-26 03:16:21,0.99,3469868434252920
155,37,50,success,2012-10-04 14:52:54,1.49,8515534010524420
156,14,24,success,2012-10-05 10:59:46,0.99,9898472316966760
157,33,27,success,2012-10-07 05:44:17,0,4504578365622250
158,38,39,success,2012-10-14 12:44:45,0.99,1009951554637090
159,97,32,success,2012-10-16 01:22:21,25.99,2044923022764430
160,7,46,failure,2012-10-30 13:32:48,1.49,9624287991997700
161,11,25,success,2012-11-02 13:22:29,0,7434046028453270
162,70,50,success,2012-11-03 23:46:09,1.49,9592498812178460
163,37,13,success,2012-11-16 08:47:45,2.99,8744347337459300
164,62,67,success,2012-11-22 12:53:52,2.99,5633548399851650
165,93,8,success,2012-11-25 07:11:22,19.99,4701527102606600
166,101,7,success,2012-12-05 20:57:20,0,8773248270278730
167,36,23,success,2012-12-05 23:34:44,3.99,4665726063622420
168,103,60,success,2012-12-05 09:36:28,0,1517069201187500
169,61,26,success,2012-12-06 05:45:20,5.99,9581725596889030
170,24,64,success,2012-12-13 12:55:52,0.99,4774015033434300
171,89,21,success,2012-12-14 17:48:59,3.99,3015702747719910
172,32,13,success,2012-12-26 12:51:50,2.99,9871322299707460
173,58,30,success,2012-12-27 19:52:06,2.19,8950041453427700
174,21,79,success,2012-12-27 20:41:37,1.99,9894575944566540
175,100,16,success,2012-12-31 22:32:32,2.99,2489266935745530
176,86,79,success,2013-01-13 18:24:25,1.99,7294134767868650
177,44,11,success,2013-01-25 17:02:39,0,2308336295680160
178,9,69,success,2013-01-25 16:50:30,2.99,7028170555134320
179,96,49,success,2013-01-30 05:13:06,1.59,5438835138554690
180,1,40,success,2013-02-08 16:46:48,0.99,9002601496457920
181,69,46,success,2013-02-11 17:22:08,1.49,8830246186793110
182,78,58,success,2013-02-12 17:03:50,0,9349758846845850
183,74,44,success,2013-02-15 22:56:19,1.49,2904634622648660
184,95,82,deleted,2013-02-16 04:53:45,0.99,7770165665834920
185,88,79,success,2013-03-04 10:38:06,1.99,1645277924576650
186,21,82,success,2013-03-05 03:36:13,0.99,7338191414211740
187,92,84,success,2013-03-08 08:40:56,0.99,5362676535519270
188,46,77,success,2013-03-14 09:51:05,1.99,3234295931076250
189,39,8,success,2013-03-16 15:55:37,19.99,4126052883167670
190,55,81,success,2013-03-17 20:20:13,0.99,4463439253260850
191,38,47,success,2013-03-24 10:54:56,0,6607802707941680
192,98,85,success,2013-03-24 05:58:17,0.99,7081050174197450
193,87,13,success,2013-03-25 18:29:52,2.99,5573208150665770
194,64,58,success,2013-03-26 05:16:52,0,9857854276060190
195,45,65,success,2013-03-26 13:35:21,2.99,6409095702934440
196,22,59,success,2013-03-27 11:31:28,0,8101585113612750
197,34,25,success,2013-03-28 06:28:24,0,2107228380200940
198,60,53,success,2013-04-04 00:44:58,1,5898199247636350
199,48,70,success,2013-04-10 04:36:12,10.99,8151870750981380
200,79,64,success,2013-04-11 16:30:08,0.99,6646729881054810
201,57,84,success,2013-04-12 10:29:09,0.99,8362402717463580
202,76,69,success,2013-04-15 00:40:47,2.99,8048672124963230
203,5,52,success,2013-04-16 15:26:33,1,8520084602683150
204,9,83,success,2013-04-20 14:08:21,0.99,8752790530561220
205,105,38,success,2013-04-23 07:01:28,0.99,1643579737419700
206,54,81,success,2013-04-23 01:04:39,0.99,9085090935037740
207,35,78,success,2013-04-25 21:46:18,1.99,1626055577651620
208,83,17,success,2013-04-30 21:16:58,2.99,7135347790418000
209,100,87,success,2013-05-02 13:28:13,0.99,9359131890574980
210,75,69,success,2013-05-07 15:06:54,2.99,8036354476212700
211,55,69,success,2013-05-08 00:27:31,2.99,1400011091728540
212,27,68,success,2013-05-11 03:33:22,5.99,5447078476887820
213,51,13,success,2013-05-27 23:43:19,2.99,1668579376682190
214,57,32,success,2013-05-28 21:41:37,25.99,8566314951239450
215,101,78,success,2013-05-28 19:11:05,1.99,7535656535927180
216,51,24,success,2013-06-02 20:50:08,0.99,7928968786798010
217,79,45,success,2013-06-06 17:49:02,44.99,7503852385033520
218,6,87,success,2013-06-07 03:36:15,0.99,2005460494606790
219,62,78,success,2013-06-07 01:22:47,1.99,9206280704631060
220,27,81,success,2013-06-10 17:19:32,0.99,8727357307670670
221,59,79,success,2013-06-12 23:18:01,1.99,7548210311148760
222,76,7,success,2013-06-18 11:56:07,0,9499080413802950
223,32,49,success,2013-06-19 03:10:32,1.59,2827670079794710
224,9,17,success,2013-06-30 01:08:18,2.99,9364843548657780
225,46,61,success,2013-06-30 09:11:59,0,7073855389230890
226,75,68,success,2013-07-02 16:47:10,5.99,6917531071402490
227,16,68,success,2013-07-09 20:09:58,5.99,6320798899293360
228,25,81,success,2013-07-12 04:38:53,0.99,3961618981486460
229,34,83,success,2013-07-12 21:01:02,0.99,8591056088363470
230,19,61,success,2013-07-16 22:00:17,0,3159126615906080
231,73,87,success,2013-07-20 08:29:57,0.99,5449060486685580
232,60,1,success,2013-07-26 04:35:52,0,6166527511889510
233,71,68,success,2013-07-28 01:25:42,5.99,3119769026555890
234,68,24,success,2013-08-03 00:10:14,0.99,2049798711999910
235,79,73,success,2013-08-04 14:38:47,2.99,2702847943538100
236,35,2,success,2013-08-04 14:51:58,0.99,2541817253365310
237,46,69,success,2013-08-05 04:48:57,2.99,3475917752575580
238,25,16,success,2013-08-07 02:25:42,2.99,2863667599622800
239,47,18,success,2013-08-07 01:43:59,3.99,8189973205794450
240,6,88,success,2013-08-07 16:54:14,0,6632961389244170
241,86,42,success,2013-08-11 05:00:06,1.49,9616186720707330
242,33,48,success,2013-08-15 22:03:58,1.49,1699861261136570
243,28,81,success,2013-08-16 08:55:36,0.99,2161166972535590
244,82,51,success,2013-08-17 23:47:57,1,3181878307326780
245,83,81,success,2013-08-17 04:40:34,0.99,6028116734150810
246,40,77,success,2013-08-19 23:02:46,1.99,6271186817758990
247,43,39,success,2013-08-23 15:47:34,0.99,4535751807239440
248,98,87,success,2013-08-27 02:25:09,0.99,3477762271267980
249,84,62,success,2013-08-29 15:08:55,0,9979142828270540
250,46,8,success,2013-08-31 21:44:08,19.99,4664824303099070
251,19,64,success,2013-09-03 02:05:55,0.99,9866631782746280
252,104,75,success,2013-09-06 17:56:42,1.99,6083204924570690
253,94,49,success,2013-09-09 00:56:42,1.59,2175076160255130
254,94,55,success,2013-09-10 02:06:59,1,4972352384325260
255,95,89,success,2013-09-10 13:20:32,0,1809451271160800
256,78,44,success,2013-09-13 07:09:44,1.49,6106859614492020
257,96,7,success,2013-09-19 22:58:54,0,1179471237404020
258,52,93,success,2013-09-20 19:37:45,0,5097007418337830
259,26,42,success,2013-09-22 00:55:46,1.49,3636476089766340
260,51,28,success,2013-09-25 01:25:16,29.99,3524551638451240
261,49,95,success,2013-09-29 23:31:31,0,1214264502671260
262,49,61,success,2013-09-30 13:53:34,0,4918746995431710
263,18,33,success,2013-10-01 17:52:28,0,7238008899774860
264,35,92,success,2013-10-01 01:20:21,0,1227282824506470
265,40,29,failure,2013-10-01 02:37:38,0,7656617998749100
266,20,8,success,2013-10-07 16:51:27,19.99,9672823461395140
267,51,36,success,2013-10-08 22:57:35,0.99,3688545700981610
268,15,82,success,2013-10-09 20:34:26,0.99,5301716352946860
269,7,79,success,2013-10-12 06:11:20,1.99,7594061642915990
270,60,20,success,2013-10-13 13:07:44,3.99,9301615834385030
271,105,64,success,2013-10-13 01:13:11,0.99,9565873983300340
272,81,93,success,2013-10-15 06:15:04,0,1809642529736030
273,92,6,success,2013-10-17 20:11:58,1.99,6200888702513040
274,47,89,success,2013-10-19 22:02:47,0,4111019121739150
275,74,77,success,2013-10-19 10:37:55,1.99,4883045213186170
276,27,39,success,2013-10-22 01:00:27,0.99,4691820306413910
277,26,84,success,2013-10-22 12:18:43,0.99,5143222616147840
278,60,68,success,2013-10-27 10:40:56,5.99,9087643859464050
279,17,11,success,2013-11-02 16:15:48,0,2023289114890390
280,74,5,success,2013-11-07 23:47:34,0,9937173811632580
281,103,88,success,2013-11-08 02:48:54,0,1692208673185430
282,100,49,success,2013-11-08 03:31:55,1.59,9005720841042450
283,96,84,success,2013-11-10 01:46:17,0.99,4169900367012870
284,98,6,success,2013-11-11 02:11:13,1.99,2519383529619500
285,19,14,success,2013-11-12 03:43:17,2.99,6333245408156660
286,37,60,success,2013-11-13 10:55:36,0,7911222424630350
287,70,72,success,2013-11-16 12:17:34,0,9410646933590560
288,54,53,success,2013-11-28 02:56:41,1,3680334052024510
289,75,94,success,2013-12-05 10:29:12,0,2822241819052480
290,72,23,success,2013-12-10 14:45:18,3.99,2683728921177970
291,1,33,success,2013-12-13 12:20:26,0,5906092194580970
292,104,48,success,2013-12-17 17:10:12,1.49,2096477990310290
293,70,89,success,2013-12-18 23:57:26,0,5595261174464400
294,86,64,success,2013-12-18 11:24:34,0.99,2363653191212800
295,44,56,success,2013-12-18 13:17:44,1,8500367210539340
296,10,20,success,2013-12-18 12:02:56,3.99,9736754195547670
297,20,25,success,2013-12-23 16:04:13,0,6857521181592810
298,81,78,success,2013-12-23 10:39:53,1.99,2901607170599740
299,75,23,success,2013-12-25 21:41:16,3.99,9034420262926540
300,88,60,success,2013-12-27 06:00:36,0,1351573039471400
301,63,42,success,2013-12-29 12:27:06,1.49,7084955657223750
302,74,31,success,2014-01-01 02:56:34,0,3559648265364090
303,29,67,success,2014-01-05 18:45:58,2.99,7269101871974660
304,50,89,success,2014-01-08 04:47:12,0,3514701881665080
305,74,27,success,2014-01-09 04:04:19,0,5271563963389740
306,14,65,success,2014-01-09 05:43:52,2.99,1986969196757080
307,87,21,success,2014-01-13 17:17:39,3.99,8194536969166740
308,18,41,success,2014-01-14 15:01:09,1.49,3511829500909050
309,52,27,success,2014-01-16 14:46:54,0,1477728804006840
310,59,59,success,2014-01-17 04:53:17,0,1876356464873370
311,101,95,deleted,2014-01-25 01:46:20,0,9667487473088280
312,90,28,success,2014-01-25 01:24:59,29.99,3857183545301450
313,13,40,success,2014-01-28 15:18:54,0.99,5998456979122580
314,46,100,success,2014-02-01 02:02:39,0,9156384583880320
315,11,89,success,2014-02-04 10:38:00,0,8105832415489740
316,95,71,success,2014-02-06 11:16:16,2.99,3645433775354610
317,90,86,success,2014-02-07 06:04:44,0,7568323435857080
318,67,37,success,2014-02-08 09:00:56,0.99,6151210895799750
319,20,91,success,2014-02-09 10:40:04,0,7757972039881910
320,54,26,success,2014-02-11 08:10:02,5.99,5899183804169960
321,100,33,success,2014-02-16 23:44:48,0,6326470416215960
322,105,95,success,2014-02-18 22:37:23,0,8662510942915590
323,21,29,success,2014-02-21 00:15:17,0,1671039953588810
324,26,73,success,2014-02-23 18:03:39,2.99,4070175257093210
325,27,100,success,2014-02-27 00:39:14,0,3599639605548350
326,18,76,success,2014-02-28 11:50:14,1.99,1972861609450370
327,83,26,success,2014-03-01 00:47:20,5.99,2603330095034840
328,20,39,success,2014-03-10 14:12:20,0.99,9001168491381730
329,9,94,success,2014-03-11 12:02:19,0,4349614611213140
330,37,70,success,2014-03-14 13:20:10,10.99,2219454936335520
331,39,38,success,2014-03-15 17:12:58,0.99,4846672648494430
332,98,81,success,2014-03-20 09:54:11,0.99,5495581003933650
333,17,101,success,2014-03-22 04:09:11,9.99,3138274985973320
334,79,72,success,2014-03-22 03:19:49,0,9400124276797940
335,76,67,success,2014-03-26 13:53:47,2.99,6437682016277400
336,2,70,success,2014-03-26 12:28:24,10.99,5412567287900700
337,30,38,success,2014-03-27 16:44:29,0.99,7954708214207410
338,56,77,success,2014-03-28 20:52:39,1.99,7585942327639810
339,25,92,success,2014-04-01 09:27:54,0,5137401940308350
340,98,101,success,2014-04-01 22:49:48,9.99,9056867989225300
341,82,42,success,2014-04-03 09:33:05,1.49,4626591255045880
342,101,105,success,2014-04-03 13:53:35,9.99,6265384344484190
343,87,11,success,2014-04-04 09:41:14,0,4905409212475200
344,105,96,success,2014-04-04 19:16:38,0,5678176155606010
345,17,71,success,2014-04-07 06:24:36,2.99,4815596968201840
346,92,56,success,2014-04-08 18:37:15,1,6059288766830920
347,7,70,success,2014-04-09 19:01:37,10.99,8726863999412440
348,104,97,success,2014-04-10 04:45:14,0,9133994163624280
349,22,106,success,2014-04-12 02:11:24,1.39,1318990076843630
350,34,99,success,2014-04-12 03:43:57,0,1145617570561950
351,83,80,success,2014-04-13 20:05:44,0.99,5431306599152870
352,33,14,success,2014-04-15 16:54:02,2.99,7455642559876870
353,68,3,success,2014-04-19 03:32:07,0,7895791290412280
354,44,103,success,2014-04-21 21:30:48,9.99,6979394064949080
355,25,67,success,2014-04-22 12:42:01,2.99,6611098461544500
356,65,93,success,2014-04-22 03:02:48,0,9415404804881470
357,24,81,success,2014-04-23 04:39:25,0.99,3934849503783960
358,62,93,success,2014-04-25 23:32:20,0,7075275674014350
359,90,3,success,2014-04-26 08:46:47,0,3680976390500060
360,34,35,success,2014-04-26 02:25:48,0.99,5846283139727610
361,2,63,success,2014-04-30 14:10:56,2.99,6628326376353100
362,64,107,success,2014-05-03 05:46:07,9.99,1638091181148720
363,24,59,success,2014-05-04 06:09:09,0,6392106743875060
364,26,77,success,2014-05-06 21:15:52,1.99,5459840277622090
365,9,67,success,2014-05-07 17:25:52,2.99,1871187497352900
366,93,107,failure,2014-05-08 19:46:24,9.99,5195536559833200
367,73,51,success,2014-05-08 20:14:22,1,2569199688982910
368,23,98,success,2014-05-08 21:28:06,0,9019625586745050
369,61,95,success,2014-05-14 10:00:07,0,6507326127103310
370,4,85,success,2014-05-15 11:59:00,0.99,1760115591914290
371,57,106,success,2014-05-17 13:10:51,1.39,9218740145950240
372,90,54,success,2014-05-17 05:17:13,1,8067535612164460
373,28,86,success,2014-05-17 12:04:20,0,6594589226500960
374,63,92,success,2014-05-17 08:17:22,0,7249421845113890
375,92,72,success,2014-05-20 01:02:02,0,1770884741339750
376,70,60,success,2014-05-21 17:38:56,0,6693110063934420
377,41,110,success,2014-05-21 07:56:13,30.99,8527483357440090
378,83,108,success,2014-05-22 20:36:11,0,4542063380054990
379,85,36,success,2014-05-22 05:55:58,0.99,7202877386973020
380,35,47,success,2014-05-24 13:42:34,0,1062727280298310
381,52,90,success,2014-05-26 04:39:22,0,1134689509983450
382,28,78,success,2014-05-28 06:54:52,1.99,5754640078090930
383,21,107,success,2014-05-29 15:33:45,9.99,4215263813854220
384,32,100,success,2014-05-31 03:43:26,0,6382103877694330
385,54,92,success,2014-05-31 10:27:16,0,1639406163963870
386,11,92,success,2014-06-01 15:27:42,0,9068058968959780
387,49,93,success,2014-06-04 12:02:07,0,1566114981100310
388,75,82,deleted,2014-06-04 12:51:19,0.99,2513103203806710
389,26,60,success,2014-06-05 00:59:16,0,8168900937013580
390,48,64,success,2014-06-06 06:15:01,0.99,5797741812341820
391,76,22,success,2014-06-09 17:02:18,3.99,9434046012321530
392,84,107,success,2014-06-10 03:37:19,9.99,1685136059810960
393,5,100,success,2014-06-10 05:26:40,0,9311162186366770
394,38,100,success,2014-06-18 11:06:58,0,6443703183105770
395,51,109,success,2014-06-21 06:55:49,9.99,9600305038217510
396,94,71,success,2014-06-21 20:48:02,2.99,6979628837871850
397,99,93,success,2014-06-21 04:56:42,0,5062653541857230
398,91,79,success,2014-06-22 08:34:02,1.99,9043002573965640
399,23,96,success,2014-06-23 22:33:25,0,3409029073828280
400,92,98,success,2014-06-24 08:55:02,0,7817860362122410
401,2,8,success,2014-06-24 04:13:14,19.99,7838630406818450
402,13,69,success,2014-06-25 20:05:12,2.99,8748933103023000
403,34,44,success,2014-06-27 02:44:07,1.49,3064088430728730
404,26,95,success,2014-06-28 03:52:16,0,3387963204162590
405,64,91,success,2014-07-02 17:27:15,0,7391550062105740
406,5,35,success,2014-07-02 00:43:30,0.99,7916147465396170
407,39,61,success,2014-07-03 01:32:49,0,7047358476505330
408,87,108,success,2014-07-04 19:53:41,0,1959327860034620
409,79,112,success,2014-07-04 04:20:55,5.99,2478476038453450
410,77,106,success,2014-07-05 09:40:07,1.39,4163613591709470
411,91,104,success,2014-07-05 04:31:06,99.99,9245095859842800
412,18,53,success,2014-07-07 09:15:21,1,5025528506938340
413,94,103,success,2014-07-08 21:10:07,9.99,4869921668257610
414,81,103,success,2014-07-08 23:51:58,9.99,6334069024174230
415,22,54,success,2014-07-09 18:36:47,1,8987545824515280
416,40,111,success,2014-07-09 22:05:04,9.99,9650391729120460
417,31,77,success,2014-07-09 16:53:10,1.99,3494505665223830
418,13,113,success,2014-07-09 01:50:38,9.99,9792049511764560
419,54,77,success,2014-07-10 09:11:29,1.99,8490127458912450
420,102,62,failure,2014-07-10 12:51:05,0,4867756560548140
421,51,113,success,2014-07-13 18:46:47,9.99,8802786855245570
422,64,97,success,2014-07-14 09:13:26,0,9417172098395100
423,23,5,success,2014-07-15 10:11:28,0,9016713568547680
424,92,55,success,2014-07-15 17:12:40,1,6093134299547200
425,33,107,success,2014-07-16 11:56:00,9.99,2707045804043290
426,69,107,success,2014-07-18 00:49:23,9.99,4777075735820910
427,79,104,success,2014-07-19 23:03:17,99.99,7261664665318530
428,95,110,success,2014-07-19 03:13:09,30.99,2573043079530110
429,17,91,success,2014-07-21 18:00:28,0,5224809641055430
430,90,99,success,2014-07-22 16:16:01,0,4233381769346060
431,76,45,success,2014-07-23 07:22:40,44.99,6523060608725850
432,43,47,success,2014-07-23 10:28:19,0,6043468111580450
433,12,106,success,2014-07-23 18:05:31,1.39,4431967222432270
434,86,98,success,2014-07-24 00:15:07,0,2912279938945320
435,99,113,success,2014-07-26 23:11:03,9.99,3210207685639110
436,99,13,success,2014-07-30 09:48:50,2.99,2794179642657240
437,5,50,success,2014-07-31 07:26:13,1.49,4137102248991320
438,61,12,success,2014-08-01 06:14:17,2.99,1911812039997200
439,12,85,success,2014-08-01 18:52:03,0.99,5756002694469700
440,9,56,success,2014-08-02 12:39:27,1,5054480527346510
441,69,108,success,2014-08-06 08:41:24,0,4296373877873510
442,96,107,success,2014-08-07 09:44:40,9.99,6051651157515830
443,88,109,success,2014-08-08 15:13:37,9.99,5636468747888850
444,89,15,success,2014-08-08 20:15:07,2.99,4027547245914450
445,84,93,success,2014-08-08 12:48:48,0,5513981344883310
446,14,41,success,2014-08-09 15:53:46,1.49,5079976311287920
447,13,95,success,2014-08-09 02:51:11,0,7281501704487300
448,60,112,success,2014-08-15 00:29:26,5.99,8914389709444390
449,8,10,success,2014-08-16 22:20:46,0,3410272279820010
450,79,39,success,2014-08-18 23:47:08,0.99,7533413919932230
451,94,113,success,2014-08-20 12:30:52,9.99,6697920889481900
452,99,14,success,2014-08-21 08:57:43,2.99,2917996317595360
453,17,2,success,2014-08-23 07:24:16,0.99,3718550479248470
454,102,113,success,2014-08-27 15:38:52,9.99,6412865695954840
455,105,89,success,2014-08-29 16:39:02,0,1857443754235300
456,74,89,success,2014-08-31 22:59:09,0,8671786352776950
457,25,83,success,2014-09-03 01:04:39,0.99,7318239695392670
458,17,65,success,2014-09-04 10:02:24,2.99,1896838796506010
459,93,50,success,2014-09-04 01:18:45,1.49,7259195345312840
460,46,73,success,2014-09-05 14:20:49,2.99,3067162341354560
461,33,93,success,2014-09-06 16:33:30,0,9788257710229800
462,48,49,success,2014-09-07 03:52:35,1.59,5514491997467880
463,8,82,success,2014-09-07 03:09:51,0.99,3083984452031580
464,48,110,success,2014-09-09 03:23:35,30.99,4739070263541630
465,64,111,success,2014-09-10 13:25:53,9.99,4743629387314570
466,68,22,success,2014-09-10 12:02:42,3.99,8265049025332690
467,30,107,success,2014-09-11 23:21:02,9.99,6850450912962310
468,66,94,success,2014-09-11 09:30:07,0,2357239404937540
469,24,110,success,2014-09-11 07:19:07,30.99,2137490763055910
470,59,5,success,2014-09-12 02:19:09,0,6621890000971300
471,73,38,success,2014-09-16 18:52:06,0.99,7905810973736180
472,39,107,success,2014-09-17 07:31:44,9.99,8533774532796320
473,1,105,success,2014-09-19 20:15:14,9.99,6147360912155540
474,98,25,success,2014-09-20 04:37:28,0,4358238454611740
475,77,114,success,2014-09-22 22:07:18,0,5853335974895810
476,25,90,success,2014-09-25 23:20:08,0,5188679082724060
477,74,83,success,2014-09-25 00:49:34,0.99,7563865694055820
478,34,66,success,2014-09-26 03:17:59,1.49,1173844506787690
479,29,70,success,2014-09-30 05:59:26,10.99,2106979745131680
480,101,96,success,2014-09-30 04:10:51,0,1544822448790760
481,70,110,success,2014-10-01 03:03:31,30.99,7007803030497640
482,24,95,success,2014-10-01 00:55:36,0,6059340780108630
483,57,95,success,2014-10-01 20:15:57,0,8454315264888180
484,26,87,success,2014-10-03 18:52:09,0.99,6940646422585000
485,40,99,success,2014-10-03 11:19:54,0,5363323548739120
486,35,113,success,2014-10-04 02:01:36,9.99,5822675609354510
487,60,11,success,2014-10-04 10:53:11,0,7990190464319900
488,14,96,success,2014-10-05 06:22:02,0,1362694736812620
489,64,113,success,2014-10-06 23:54:51,9.99,6597438724587500
490,76,79,success,2014-10-06 06:42:20,1.99,5902769858162510
491,43,6,success,2014-10-07 07:55:01,1.99,4389515801053570
492,78,88,success,2014-10-07 20:35:06,0,2766705167377330
493,84,69,success,2014-10-07 19:03:49,2.99,6289703738149260
494,18,90,success,2014-10-08 11:43:08,0,6368482980169340
495,31,112,success,2014-10-08 05:30:25,5.99,2573376604094360
496,69,20,success,2014-10-09 03:34:34,3.99,6492524858366170
497,43,112,success,2014-10-12 10:54:16,5.99,4296772019831940
498,15,86,success,2014-10-13 13:32:20,0,5178727010213410
499,84,109,success,2014-10-14 16:16:08,9.99,9446344765583280
500,89,102,success,2014-10-15 20:17:39,15.99,3225391446200530
501,52,107,success,2014-10-16 05:25:58,9.99,6582251021655300
502,98,78,success,2014-10-16 01:43:27,1.99,2293485816233350
503,37,54,success,2014-10-18 03:11:05,1,3244690941437140
504,42,58,success,2014-10-21 19:02:18,0,8311963613515660
505,72,89,success,2014-10-21 00:41:42,0,9897498744033030
506,3,115,success,2014-10-22 16:32:41,0,5492740104868390
507,27,102,success,2014-10-27 18:08:45,15.99,4190291113095600
508,6,27,success,2014-10-30 08:17:35,0,4082157419265790
509,17,84,success,2014-11-01 02:48:43,0.99,4261363871752890
510,21,64,success,2014-11-02 06:01:40,0.99,9382129810854320
511,17,25,success,2014-11-02 07:43:21,0,1365242873324350
512,21,84,success,2014-11-02 22:45:28,0.99,4232686899116080
513,85,116,success,2014-11-04 22:55:42,0,8544960453275140
514,38,111,success,2014-11-04 02:08:47,9.99,5762288254030310
515,30,49,success,2014-11-05 06:18:50,1.59,6187228845566140
516,102,11,success,2014-11-06 03:54:40,0,6293909751383030
517,45,108,success,2014-11-09 08:51:31,0,4824264543089900
518,32,115,success,2014-11-11 12:59:36,0,7318907325227870
519,28,114,success,2014-11-12 07:15:25,0,4392166855653740
520,58,111,success,2014-11-13 18:02:27,9.99,8133498353578400
521,86,57,success,2014-11-13 15:07:24,0,9415729289102500
522,37,111,success,2014-11-14 09:35:30,9.99,3586308086115260
523,74,99,success,2014-11-14 13:19:47,0,9924673089051220
524,74,23,success,2014-11-15 04:12:29,3.99,3748866668923220
525,22,95,success,2014-11-17 05:09:27,0,6949420135229340
526,98,68,success,2014-11-18 22:45:20,5.99,7173386357802700
527,65,40,success,2014-11-20 11:27:55,0.99,3417928276839180
528,66,63,success,2014-11-21 18:07:24,2.99,3475170132149450
529,58,26,success,2014-11-21 06:05:16,5.99,3997432973878310
530,53,99,success,2014-11-22 18:07:10,0,7324776447929190
531,62,110,success,2014-11-23 09:54:08,30.99,9626470031167090
532,24,86,failure,2014-11-23 16:32:42,0,5363157464471770
533,33,111,success,2014-11-25 01:04:00,9.99,9284221716588340
534,2,108,success,2014-11-25 21:11:28,0,5650410756031630
535,71,41,success,2014-11-26 20:17:16,1.49,7628783509488240
536,94,83,success,2014-11-28 23:14:35,0.99,4714780420072330
537,56,68,success,2014-11-28 01:26:41,5.99,6253669368106640
538,85,73,success,2014-11-30 07:08:17,2.99,4227924408469790
539,6,42,success,2014-11-30 05:14:35,1.49,5230984076917040
540,74,58,success,2014-12-02 21:08:16,0,4739114460381210
541,98,91,success,2014-12-02 22:34:49,0,2512315638803000
542,81,88,success,2014-12-03 13:02:44,0,7136734681191700
543,20,114,success,2014-12-03 19:45:13,0,3011728882779680
544,17,99,success,2014-12-04 20:52:29,0,7391310409272000
545,84,51,success,2014-12-04 21:48:35,1,7655642928215060
546,31,109,success,2014-12-04 22:02:26,9.99,8800642120492350
547,94,61,success,2014-12-05 06:14:26,0,2307259633334050
548,58,92,success,2014-12-05 20:08:53,0,5768150176387070
549,41,101,success,2014-12-05 13:14:50,9.99,2067873289407030
550,61,103,deleted,2014-12-06 18:20:48,9.99,1161360441709740
551,53,102,success,2014-12-06 02:21:05,15.99,6729558556055230
552,46,117,success,2014-12-08 19:03:45,0,9487459981282440
553,100,110,success,2014-12-09 23:06:21,30.99,1422506193067100
554,76,70,success,2014-12-10 12:03:03,10.99,4824283478437550
555,79,58,success,2014-12-10 19:13:55,0,2699812247955550
556,73,1,success,2014-12-12 01:29:06,0,6546588328794500
557,67,119,success,2014-12-13 18:52:17,0,5359969303606820
558,88,69,success,2014-12-13 22:02:11,2.99,3789876443729610
559,56,119,success,2014-12-14 02:42:49,0,9521532808412550
560,24,39,success,2014-12-15 18:16:30,0.99,3797099580197930
561,27,120,success,2014-12-15 14:44:02,0.99,9490937543803610
562,46,91,success,2014-12-15 17:59:28,0,8530527080766300
563,3,106,success,2014-12-15 22:28:37,1.39,2517416835403850
564,55,120,success,2014-12-15 11:00:22,0.99,8301316423018440
565,76,113,success,2014-12-16 18:17:19,9.99,8447936637632560
566,69,116,success,2014-12-16 16:10:14,0,5138900303404610
567,53,120,success,2014-12-16 03:22:33,0.99,4790390595422050
568,83,119,success,2014-12-17 21:17:08,0,6065000919152600
569,44,87,success,2014-12-18 23:09:45,0.99,2630768819716760
570,39,7,success,2014-12-18 12:55:01,0,5322527145025350
571,18,36,success,2014-12-19 22:08:52,0.99,8430691752033500
572,53,56,success,2014-12-19 17:33:09,1,6051383236239240
573,32,120,success,2014-12-19 09:33:30,0.99,1529533640162640
574,1,30,success,2014-12-20 01:20:25,2.19,1894802095840910
575,104,118,success,2014-12-23 14:02:21,0,3497209558171640
576,14,116,success,2014-12-23 05:49:21,0,3602374288795460
577,26,108,success,2014-12-23 06:16:28,0,2426453753959330
578,87,118,success,2014-12-24 01:08:25,0,6316034207933050
579,82,40,success,2014-12-24 14:35:44,0.99,3712379221904410
580,70,115,success,2014-12-25 03:02:35,0,4818632297293270
581,85,79,success,2014-12-25 16:05:37,1.99,8622064285780840
582,65,117,success,2014-12-25 21:55:04,0,7317532689061940
583,73,119,success,2014-12-26 05:42:02,0,5527869591387320
584,41,119,success,2014-12-26 00:59:04,0,2128543918059780
585,35,119,success,2014-12-27 19:56:38,0,5289228206855970
586,95,120,success,2015-01-01 18:16:14,0.99,6200239572311510
587,102,56,success,2015-01-01 23:54:00,1,6942858756479740
